date,channel_id,video_id,video_thumbnail_impressions,video_thumbnail_impressions_ctr
2026-07-15,UCFFY072qzjDnmC_uA65zhQQ,-7RNcKxLsWc,17,0.058823529411764705
2026-07-15,UCFFY072qzjDnmC_uA65zhQQ,-KMuetmIAs0,1,0
2026-07-15,UCFFY072qzjDnmC_uA65zhQQ,0ZIO4anzY5I,18,0.055555555555555552
2026-07-15,UCFFY072qzjDnmC_uA65zhQQ,0rhTdpz0Jyc,4,0
2026-07-15,UCFFY072qzjDnmC_uA65zhQQ,1C8YIiELECI,22,0.045454545454545456
2026-07-15,UCFFY072qzjDnmC_uA65zhQQ,1XNo0hTd1Kc,126,0.015873015873015872
2026-07-15,UCFFY072qzjDnmC_uA65zhQQ,3s24LgNa3B0,7,0
2026-07-15,UCFFY072qzjDnmC_uA65zhQQ,4sxqdyUBRsI,7,0.14285714285714285
2026-07-15,UCFFY072qzjDnmC_uA65zhQQ,593yZokqVNU,128,0.015625
2026-07-15,UCFFY072qzjDnmC_uA65zhQQ,6LlydS0_23w,11,0
2026-07-15,UCFFY072qzjDnmC_uA65zhQQ,6irjGxFpmj4,1,0
2026-07-15,UCFFY072qzjDnmC_uA65zhQQ,744vAmBXikY,9,0.1111111111111111
2026-07-15,UCFFY072qzjDnmC_uA65zhQQ,7JTpRZ6EAj4,13,0.15384615384615385
2026-07-15,UCFFY072qzjDnmC_uA65zhQQ,8P-YiIGlBjE,4,0
2026-07-15,UCFFY072qzjDnmC_uA65zhQQ,9qhfAvXGR1U,1,0
2026-07-15,UCFFY072qzjDnmC_uA65zhQQ,AJmfMOm5Sls,8,0
2026-07-15,UCFFY072qzjDnmC_uA65zhQQ,BTCe24GOWqk,13,0.15384615384615385
2026-07-15,UCFFY072qzjDnmC_uA65zhQQ,BuNbDIm2ieg,7,0
2026-07-15,UCFFY072qzjDnmC_uA65zhQQ,BvnWdTTwSys,6,0
2026-07-15,UCFFY072qzjDnmC_uA65zhQQ,CVCUMNF_koE,4,0
2026-07-15,UCFFY072qzjDnmC_uA65zhQQ,DIhEv0TjUkY,9,0
2026-07-15,UCFFY072qzjDnmC_uA65zhQQ,EPazhvJ7Jd0,2,0
2026-07-15,UCFFY072qzjDnmC_uA65zhQQ,EXv89Z4tXZ0,16,0.0625
2026-07-15,UCFFY072qzjDnmC_uA65zhQQ,EwkXAwTL_QI,2,0
2026-07-15,UCFFY072qzjDnmC_uA65zhQQ,FQHJqEfpZz8,17,0.17647058823529413
2026-07-15,UCFFY072qzjDnmC_uA65zhQQ,FZazL5XS_fw,16,0
2026-07-15,UCFFY072qzjDnmC_uA65zhQQ,FdWxDjGBIM4,8,0
2026-07-15,UCFFY072qzjDnmC_uA65zhQQ,GNVK5JQjXos,3,0
2026-07-15,UCFFY072qzjDnmC_uA65zhQQ,Gp0dyrxdI_0,11,0
2026-07-15,UCFFY072qzjDnmC_uA65zhQQ,HXCcgOM0Uws,1,0
2026-07-15,UCFFY072qzjDnmC_uA65zhQQ,IaCjWJ3vy48,19,0.10526315789473684
2026-07-15,UCFFY072qzjDnmC_uA65zhQQ,IvAkc1fwzUc,25,0
2026-07-15,UCFFY072qzjDnmC_uA65zhQQ,J85xwjbTMgQ,1,0
2026-07-15,UCFFY072qzjDnmC_uA65zhQQ,Jlc-Jtd81o0,3,0
2026-07-15,UCFFY072qzjDnmC_uA65zhQQ,Klivqn7VoxY,9,0.22222222222222221
2026-07-15,UCFFY072qzjDnmC_uA65zhQQ,KoVVQ_ay2Vg,1,0
2026-07-15,UCFFY072qzjDnmC_uA65zhQQ,LLXlFny9jYc,9,0
2026-07-15,UCFFY072qzjDnmC_uA65zhQQ,M64uEXXFdF8,7,0
2026-07-15,UCFFY072qzjDnmC_uA65zhQQ,NH01AGqUk98,10,0.1
2026-07-15,UCFFY072qzjDnmC_uA65zhQQ,PBqVfCApl4I,7,0
2026-07-15,UCFFY072qzjDnmC_uA65zhQQ,PGZEUuam-rA,16,0
2026-07-15,UCFFY072qzjDnmC_uA65zhQQ,Q__n0KC548c,16,0.0625
2026-07-15,UCFFY072qzjDnmC_uA65zhQQ,QhRgPOmgBDU,1,0
2026-07-15,UCFFY072qzjDnmC_uA65zhQQ,RGVNMIv9NeA,10,0
2026-07-15,UCFFY072qzjDnmC_uA65zhQQ,RR9mLs5RgtA,1,0
2026-07-15,UCFFY072qzjDnmC_uA65zhQQ,SPCRzy8PD3M,26,0.076923076923076927
2026-07-15,UCFFY072qzjDnmC_uA65zhQQ,UffIvNL8fLg,7,0.14285714285714285
2026-07-15,UCFFY072qzjDnmC_uA65zhQQ,VYcynJqnsyU,8,0.125
2026-07-15,UCFFY072qzjDnmC_uA65zhQQ,WpAYWow2Yuw,4,0
2026-07-15,UCFFY072qzjDnmC_uA65zhQQ,Xzgk8SFG0_E,79,0.0379746835443038
2026-07-15,UCFFY072qzjDnmC_uA65zhQQ,YWrjNeKZBR8,158,0.13924050632911392
2026-07-15,UCFFY072qzjDnmC_uA65zhQQ,Z4tzAXpPz0s,22,0.13636363636363635
2026-07-15,UCFFY072qzjDnmC_uA65zhQQ,ZzIrT1d2m4g,2,0
2026-07-15,UCFFY072qzjDnmC_uA65zhQQ,_3EAZlSh5zM,17,0
2026-07-15,UCFFY072qzjDnmC_uA65zhQQ,_mj3H2RN7Eg,3,0
2026-07-15,UCFFY072qzjDnmC_uA65zhQQ,aAso_jiDQhQ,21,0.047619047619047616
2026-07-15,UCFFY072qzjDnmC_uA65zhQQ,bU-TYOpKgaQ,1,0
2026-07-15,UCFFY072qzjDnmC_uA65zhQQ,dR6SIFXqyLA,3,0
2026-07-15,UCFFY072qzjDnmC_uA65zhQQ,eGedfjRrI5w,1,0
2026-07-15,UCFFY072qzjDnmC_uA65zhQQ,f2T5LyFvhBM,2,0
2026-07-15,UCFFY072qzjDnmC_uA65zhQQ,f3GFgdZYHG4,10,0
2026-07-15,UCFFY072qzjDnmC_uA65zhQQ,f_G_acY5Jt4,1,0
2026-07-15,UCFFY072qzjDnmC_uA65zhQQ,h2mcGEc0hcY,50,0.1
2026-07-15,UCFFY072qzjDnmC_uA65zhQQ,j2uFT1pKGPE,30,0.066666666666666666
2026-07-15,UCFFY072qzjDnmC_uA65zhQQ,l6jdNIJF3CQ,14,0
2026-07-15,UCFFY072qzjDnmC_uA65zhQQ,mF_kzkE7IJ4,24,0
2026-07-15,UCFFY072qzjDnmC_uA65zhQQ,mbAcnZ8BqBY,18,0.055555555555555552
2026-07-15,UCFFY072qzjDnmC_uA65zhQQ,nOBtQ8KqMLY,9,0
2026-07-15,UCFFY072qzjDnmC_uA65zhQQ,oI_yFGUHZY0,29,0.034482758620689655
2026-07-15,UCFFY072qzjDnmC_uA65zhQQ,of-AvGSADq8,11,0
2026-07-15,UCFFY072qzjDnmC_uA65zhQQ,pHK8uMvoDT4,15,0.066666666666666666
2026-07-15,UCFFY072qzjDnmC_uA65zhQQ,pHU3663gH1I,11,0.18181818181818182
2026-07-15,UCFFY072qzjDnmC_uA65zhQQ,pyv1_pwtQg4,1,0
2026-07-15,UCFFY072qzjDnmC_uA65zhQQ,qTIkvUR_ysc,4,0
2026-07-15,UCFFY072qzjDnmC_uA65zhQQ,qvWP9uPmD-Y,46,0.021739130434782608
2026-07-15,UCFFY072qzjDnmC_uA65zhQQ,rSpIRpNrtto,12,0
2026-07-15,UCFFY072qzjDnmC_uA65zhQQ,ss_JrKiSyZw,16,0.1875
2026-07-15,UCFFY072qzjDnmC_uA65zhQQ,taTgfz1dUAc,4,0
2026-07-15,UCFFY072qzjDnmC_uA65zhQQ,uULJgUopqWE,9,0.1111111111111111
2026-07-15,UCFFY072qzjDnmC_uA65zhQQ,vD5KR4XrkLk,16,0.125
2026-07-15,UCFFY072qzjDnmC_uA65zhQQ,xEkmwt0UHYs,1,0
2026-07-15,UCFFY072qzjDnmC_uA65zhQQ,y5HbBNKzJ0c,6,0
2026-07-15,UCFFY072qzjDnmC_uA65zhQQ,yB05q6bx2eI,21,0.14285714285714285
2026-07-15,UCFFY072qzjDnmC_uA65zhQQ,yF5ucLxQLsU,4,0
2026-07-15,UCFFY072qzjDnmC_uA65zhQQ,yz_uWHlsIF8,3,0
2026-07-16,UCFFY072qzjDnmC_uA65zhQQ,-7RNcKxLsWc,11,0.090909090909090912
2026-07-16,UCFFY072qzjDnmC_uA65zhQQ,-KMuetmIAs0,1,0
2026-07-16,UCFFY072qzjDnmC_uA65zhQQ,0T4ZeBm_TEY,62,0
2026-07-16,UCFFY072qzjDnmC_uA65zhQQ,0ZIO4anzY5I,10,0
2026-07-16,UCFFY072qzjDnmC_uA65zhQQ,0rhTdpz0Jyc,2,0
2026-07-16,UCFFY072qzjDnmC_uA65zhQQ,1C8YIiELECI,4,0
2026-07-16,UCFFY072qzjDnmC_uA65zhQQ,1XNo0hTd1Kc,46,0.086956521739130432
2026-07-16,UCFFY072qzjDnmC_uA65zhQQ,3s24LgNa3B0,4,0.25
2026-07-16,UCFFY072qzjDnmC_uA65zhQQ,4sxqdyUBRsI,3,0
2026-07-16,UCFFY072qzjDnmC_uA65zhQQ,593yZokqVNU,38,0
2026-07-16,UCFFY072qzjDnmC_uA65zhQQ,6LlydS0_23w,6,0
2026-07-16,UCFFY072qzjDnmC_uA65zhQQ,6irjGxFpmj4,1,0
2026-07-16,UCFFY072qzjDnmC_uA65zhQQ,744vAmBXikY,10,0.2
2026-07-16,UCFFY072qzjDnmC_uA65zhQQ,7JTpRZ6EAj4,13,0.30769230769230771
2026-07-16,UCFFY072qzjDnmC_uA65zhQQ,7bs6ELSOGFg,1,0
2026-07-16,UCFFY072qzjDnmC_uA65zhQQ,7sIU7b-5vCA,1,0
2026-07-16,UCFFY072qzjDnmC_uA65zhQQ,8P-YiIGlBjE,6,0
2026-07-16,UCFFY072qzjDnmC_uA65zhQQ,AJmfMOm5Sls,6,0
2026-07-16,UCFFY072qzjDnmC_uA65zhQQ,BTCe24GOWqk,7,0
2026-07-16,UCFFY072qzjDnmC_uA65zhQQ,BuNbDIm2ieg,7,0
2026-07-16,UCFFY072qzjDnmC_uA65zhQQ,BvnWdTTwSys,7,0
2026-07-16,UCFFY072qzjDnmC_uA65zhQQ,CVCUMNF_koE,3,0
2026-07-16,UCFFY072qzjDnmC_uA65zhQQ,DIhEv0TjUkY,3,0
2026-07-16,UCFFY072qzjDnmC_uA65zhQQ,EPazhvJ7Jd0,5,0
2026-07-16,UCFFY072qzjDnmC_uA65zhQQ,EXv89Z4tXZ0,24,0.083333333333333329
2026-07-16,UCFFY072qzjDnmC_uA65zhQQ,FQHJqEfpZz8,14,0.2857142857142857
2026-07-16,UCFFY072qzjDnmC_uA65zhQQ,FZazL5XS_fw,4,0.25
2026-07-16,UCFFY072qzjDnmC_uA65zhQQ,FdWxDjGBIM4,1,0
2026-07-16,UCFFY072qzjDnmC_uA65zhQQ,Gp0dyrxdI_0,9,0
2026-07-16,UCFFY072qzjDnmC_uA65zhQQ,IaCjWJ3vy48,14,0
2026-07-16,UCFFY072qzjDnmC_uA65zhQQ,IvAkc1fwzUc,7,0
2026-07-16,UCFFY072qzjDnmC_uA65zhQQ,J85xwjbTMgQ,3,0
2026-07-16,UCFFY072qzjDnmC_uA65zhQQ,Jlc-Jtd81o0,2,0
2026-07-16,UCFFY072qzjDnmC_uA65zhQQ,Klivqn7VoxY,8,0
2026-07-16,UCFFY072qzjDnmC_uA65zhQQ,KoVVQ_ay2Vg,2,0
2026-07-16,UCFFY072qzjDnmC_uA65zhQQ,LLXlFny9jYc,12,0
2026-07-16,UCFFY072qzjDnmC_uA65zhQQ,M64uEXXFdF8,3,0
2026-07-16,UCFFY072qzjDnmC_uA65zhQQ,NH01AGqUk98,8,0
2026-07-16,UCFFY072qzjDnmC_uA65zhQQ,PGZEUuam-rA,8,0
2026-07-16,UCFFY072qzjDnmC_uA65zhQQ,Q__n0KC548c,6,0
2026-07-16,UCFFY072qzjDnmC_uA65zhQQ,RGVNMIv9NeA,2,0
2026-07-16,UCFFY072qzjDnmC_uA65zhQQ,RR9mLs5RgtA,1,0
2026-07-16,UCFFY072qzjDnmC_uA65zhQQ,SPCRzy8PD3M,18,0.16666666666666666
2026-07-16,UCFFY072qzjDnmC_uA65zhQQ,UffIvNL8fLg,9,0.1111111111111111
2026-07-16,UCFFY072qzjDnmC_uA65zhQQ,VYcynJqnsyU,3,0
2026-07-16,UCFFY072qzjDnmC_uA65zhQQ,WpAYWow2Yuw,2,0
2026-07-16,UCFFY072qzjDnmC_uA65zhQQ,XD8tgLIwHvQ,8,0.125
2026-07-16,UCFFY072qzjDnmC_uA65zhQQ,Xzgk8SFG0_E,16,0
2026-07-16,UCFFY072qzjDnmC_uA65zhQQ,YWrjNeKZBR8,138,0.10144927536231885
2026-07-16,UCFFY072qzjDnmC_uA65zhQQ,Z4tzAXpPz0s,17,0.11764705882352941
2026-07-16,UCFFY072qzjDnmC_uA65zhQQ,ZOBF9SJEjDU,1,0
2026-07-16,UCFFY072qzjDnmC_uA65zhQQ,ZzIrT1d2m4g,3,0
2026-07-16,UCFFY072qzjDnmC_uA65zhQQ,_3EAZlSh5zM,2,0
2026-07-16,UCFFY072qzjDnmC_uA65zhQQ,_mj3H2RN7Eg,5,0
2026-07-16,UCFFY072qzjDnmC_uA65zhQQ,aAso_jiDQhQ,20,0
2026-07-16,UCFFY072qzjDnmC_uA65zhQQ,bU-TYOpKgaQ,4,0.25
2026-07-16,UCFFY072qzjDnmC_uA65zhQQ,dR6SIFXqyLA,4,0
2026-07-16,UCFFY072qzjDnmC_uA65zhQQ,eGedfjRrI5w,6,0.16666666666666666
2026-07-16,UCFFY072qzjDnmC_uA65zhQQ,f2T5LyFvhBM,3,0
2026-07-16,UCFFY072qzjDnmC_uA65zhQQ,f3GFgdZYHG4,9,0.1111111111111111
2026-07-16,UCFFY072qzjDnmC_uA65zhQQ,fGezis2rjZA,95,0.042105263157894736
2026-07-16,UCFFY072qzjDnmC_uA65zhQQ,f_G_acY5Jt4,2,0.5
2026-07-16,UCFFY072qzjDnmC_uA65zhQQ,h2mcGEc0hcY,38,0.10526315789473684
2026-07-16,UCFFY072qzjDnmC_uA65zhQQ,hudmiFcA57A,3,0
2026-07-16,UCFFY072qzjDnmC_uA65zhQQ,j2uFT1pKGPE,35,0.057142857142857141
2026-07-16,UCFFY072qzjDnmC_uA65zhQQ,j7xlFldh4gM,1,0
2026-07-16,UCFFY072qzjDnmC_uA65zhQQ,kWtTpnW-uW0,4,0
2026-07-16,UCFFY072qzjDnmC_uA65zhQQ,l6jdNIJF3CQ,10,0
2026-07-16,UCFFY072qzjDnmC_uA65zhQQ,mF_kzkE7IJ4,8,0
2026-07-16,UCFFY072qzjDnmC_uA65zhQQ,mbAcnZ8BqBY,14,0
2026-07-16,UCFFY072qzjDnmC_uA65zhQQ,nOBtQ8KqMLY,7,0
2026-07-16,UCFFY072qzjDnmC_uA65zhQQ,oI_yFGUHZY0,16,0
2026-07-16,UCFFY072qzjDnmC_uA65zhQQ,of-AvGSADq8,7,0
2026-07-16,UCFFY072qzjDnmC_uA65zhQQ,pHK8uMvoDT4,16,0
2026-07-16,UCFFY072qzjDnmC_uA65zhQQ,pHU3663gH1I,4,0.25
2026-07-16,UCFFY072qzjDnmC_uA65zhQQ,pyv1_pwtQg4,2,0.5
2026-07-16,UCFFY072qzjDnmC_uA65zhQQ,qTIkvUR_ysc,2,0
2026-07-16,UCFFY072qzjDnmC_uA65zhQQ,qvWP9uPmD-Y,42,0.023809523809523808
2026-07-16,UCFFY072qzjDnmC_uA65zhQQ,rSpIRpNrtto,16,0.0625
2026-07-16,UCFFY072qzjDnmC_uA65zhQQ,ss_JrKiSyZw,12,0.16666666666666666
2026-07-16,UCFFY072qzjDnmC_uA65zhQQ,taTgfz1dUAc,3,0
2026-07-16,UCFFY072qzjDnmC_uA65zhQQ,uULJgUopqWE,5,0
2026-07-16,UCFFY072qzjDnmC_uA65zhQQ,vD5KR4XrkLk,12,0
2026-07-16,UCFFY072qzjDnmC_uA65zhQQ,y5HbBNKzJ0c,2,0
2026-07-16,UCFFY072qzjDnmC_uA65zhQQ,yB05q6bx2eI,16,0.3125
2026-07-16,UCFFY072qzjDnmC_uA65zhQQ,yF5ucLxQLsU,3,0
2026-07-16,UCFFY072qzjDnmC_uA65zhQQ,yz_uWHlsIF8,6,0.5
2026-07-17,UCFFY072qzjDnmC_uA65zhQQ,-7RNcKxLsWc,17,0.11764705882352941
2026-07-17,UCFFY072qzjDnmC_uA65zhQQ,-KMuetmIAs0,5,0
2026-07-17,UCFFY072qzjDnmC_uA65zhQQ,-qTAD9VNJHg,4,0
2026-07-17,UCFFY072qzjDnmC_uA65zhQQ,0T4ZeBm_TEY,14,0.071428571428571425
2026-07-17,UCFFY072qzjDnmC_uA65zhQQ,0ZIO4anzY5I,31,0.064516129032258063
2026-07-17,UCFFY072qzjDnmC_uA65zhQQ,1C8YIiELECI,9,0
2026-07-17,UCFFY072qzjDnmC_uA65zhQQ,1XNo0hTd1Kc,78,0.038461538461538464
2026-07-17,UCFFY072qzjDnmC_uA65zhQQ,3s24LgNa3B0,16,0
2026-07-17,UCFFY072qzjDnmC_uA65zhQQ,4sxqdyUBRsI,4,0
2026-07-17,UCFFY072qzjDnmC_uA65zhQQ,593yZokqVNU,4,0
2026-07-17,UCFFY072qzjDnmC_uA65zhQQ,6LlydS0_23w,5,0
2026-07-17,UCFFY072qzjDnmC_uA65zhQQ,744vAmBXikY,10,0.1
2026-07-17,UCFFY072qzjDnmC_uA65zhQQ,7JTpRZ6EAj4,16,0
2026-07-17,UCFFY072qzjDnmC_uA65zhQQ,7bs6ELSOGFg,3,0
2026-07-17,UCFFY072qzjDnmC_uA65zhQQ,7sIU7b-5vCA,1,0
2026-07-17,UCFFY072qzjDnmC_uA65zhQQ,8P-YiIGlBjE,12,0.16666666666666666
2026-07-17,UCFFY072qzjDnmC_uA65zhQQ,9qhfAvXGR1U,1,0
2026-07-17,UCFFY072qzjDnmC_uA65zhQQ,AJmfMOm5Sls,13,0
2026-07-17,UCFFY072qzjDnmC_uA65zhQQ,BTCe24GOWqk,13,0
2026-07-17,UCFFY072qzjDnmC_uA65zhQQ,BuNbDIm2ieg,8,0
2026-07-17,UCFFY072qzjDnmC_uA65zhQQ,BvnWdTTwSys,7,0
2026-07-17,UCFFY072qzjDnmC_uA65zhQQ,CVCUMNF_koE,6,0
2026-07-17,UCFFY072qzjDnmC_uA65zhQQ,DIhEv0TjUkY,6,0
2026-07-17,UCFFY072qzjDnmC_uA65zhQQ,EPazhvJ7Jd0,4,0
2026-07-17,UCFFY072qzjDnmC_uA65zhQQ,EXv89Z4tXZ0,35,0.14285714285714285
2026-07-17,UCFFY072qzjDnmC_uA65zhQQ,FQHJqEfpZz8,17,0.058823529411764705
2026-07-17,UCFFY072qzjDnmC_uA65zhQQ,FZazL5XS_fw,18,0
2026-07-17,UCFFY072qzjDnmC_uA65zhQQ,FdWxDjGBIM4,8,0.125
2026-07-17,UCFFY072qzjDnmC_uA65zhQQ,GNVK5JQjXos,9,0
2026-07-17,UCFFY072qzjDnmC_uA65zhQQ,Gp0dyrxdI_0,11,0
2026-07-17,UCFFY072qzjDnmC_uA65zhQQ,IaCjWJ3vy48,24,0.20833333333333334
2026-07-17,UCFFY072qzjDnmC_uA65zhQQ,IvAkc1fwzUc,20,0.1
2026-07-17,UCFFY072qzjDnmC_uA65zhQQ,J85xwjbTMgQ,1,0
2026-07-17,UCFFY072qzjDnmC_uA65zhQQ,Jlc-Jtd81o0,1,0
2026-07-17,UCFFY072qzjDnmC_uA65zhQQ,Klivqn7VoxY,7,0.14285714285714285
2026-07-17,UCFFY072qzjDnmC_uA65zhQQ,LLXlFny9jYc,12,0.083333333333333329
2026-07-17,UCFFY072qzjDnmC_uA65zhQQ,M64uEXXFdF8,10,0
2026-07-17,UCFFY072qzjDnmC_uA65zhQQ,NH01AGqUk98,1,0
2026-07-17,UCFFY072qzjDnmC_uA65zhQQ,PGZEUuam-rA,23,0.086956521739130432
2026-07-17,UCFFY072qzjDnmC_uA65zhQQ,Q__n0KC548c,8,0
2026-07-17,UCFFY072qzjDnmC_uA65zhQQ,QhRgPOmgBDU,8,0
2026-07-17,UCFFY072qzjDnmC_uA65zhQQ,RGVNMIv9NeA,4,0
2026-07-17,UCFFY072qzjDnmC_uA65zhQQ,SPCRzy8PD3M,20,0
2026-07-17,UCFFY072qzjDnmC_uA65zhQQ,UffIvNL8fLg,10,0
2026-07-17,UCFFY072qzjDnmC_uA65zhQQ,VYcynJqnsyU,10,0.2
2026-07-17,UCFFY072qzjDnmC_uA65zhQQ,WpAYWow2Yuw,5,0
2026-07-17,UCFFY072qzjDnmC_uA65zhQQ,XD8tgLIwHvQ,5,0
2026-07-17,UCFFY072qzjDnmC_uA65zhQQ,Xzgk8SFG0_E,4,0
2026-07-17,UCFFY072qzjDnmC_uA65zhQQ,YWrjNeKZBR8,110,0.18181818181818182
2026-07-17,UCFFY072qzjDnmC_uA65zhQQ,Z4tzAXpPz0s,37,0.10810810810810811
2026-07-17,UCFFY072qzjDnmC_uA65zhQQ,ZzIrT1d2m4g,1,0
2026-07-17,UCFFY072qzjDnmC_uA65zhQQ,_3EAZlSh5zM,17,0.058823529411764705
2026-07-17,UCFFY072qzjDnmC_uA65zhQQ,_mj3H2RN7Eg,7,0
2026-07-17,UCFFY072qzjDnmC_uA65zhQQ,aAso_jiDQhQ,30,0.033333333333333333
2026-07-17,UCFFY072qzjDnmC_uA65zhQQ,b5judqdZ4eI,345,0.17101449275362318
2026-07-17,UCFFY072qzjDnmC_uA65zhQQ,bU-TYOpKgaQ,10,0
2026-07-17,UCFFY072qzjDnmC_uA65zhQQ,cuI3UY3v3gI,1,0
2026-07-17,UCFFY072qzjDnmC_uA65zhQQ,cx43uLIjhCo,69,0.057971014492753624
2026-07-17,UCFFY072qzjDnmC_uA65zhQQ,dR6SIFXqyLA,4,0
2026-07-17,UCFFY072qzjDnmC_uA65zhQQ,eGedfjRrI5w,2,0
2026-07-17,UCFFY072qzjDnmC_uA65zhQQ,eH1CndEyHrc,3,0.33333333333333331
2026-07-17,UCFFY072qzjDnmC_uA65zhQQ,f2T5LyFvhBM,1,0
2026-07-17,UCFFY072qzjDnmC_uA65zhQQ,f3GFgdZYHG4,6,0.16666666666666666
2026-07-17,UCFFY072qzjDnmC_uA65zhQQ,fGezis2rjZA,122,0.00819672131147541
2026-07-17,UCFFY072qzjDnmC_uA65zhQQ,f_G_acY5Jt4,13,0
2026-07-17,UCFFY072qzjDnmC_uA65zhQQ,h2mcGEc0hcY,46,0.065217391304347824
2026-07-17,UCFFY072qzjDnmC_uA65zhQQ,j2uFT1pKGPE,17,0.058823529411764705
2026-07-17,UCFFY072qzjDnmC_uA65zhQQ,kWtTpnW-uW0,7,0
2026-07-17,UCFFY072qzjDnmC_uA65zhQQ,l6jdNIJF3CQ,14,0.071428571428571425
2026-07-17,UCFFY072qzjDnmC_uA65zhQQ,mF_kzkE7IJ4,9,0.1111111111111111
2026-07-17,UCFFY072qzjDnmC_uA65zhQQ,mbAcnZ8BqBY,15,0.066666666666666666
2026-07-17,UCFFY072qzjDnmC_uA65zhQQ,nOBtQ8KqMLY,3,0
2026-07-17,UCFFY072qzjDnmC_uA65zhQQ,oI_yFGUHZY0,9,0
2026-07-17,UCFFY072qzjDnmC_uA65zhQQ,of-AvGSADq8,18,0
2026-07-17,UCFFY072qzjDnmC_uA65zhQQ,pHK8uMvoDT4,15,0
2026-07-17,UCFFY072qzjDnmC_uA65zhQQ,pHU3663gH1I,4,0.25
2026-07-17,UCFFY072qzjDnmC_uA65zhQQ,pyv1_pwtQg4,12,0
2026-07-17,UCFFY072qzjDnmC_uA65zhQQ,q1uDScvMQfg,2,0
2026-07-17,UCFFY072qzjDnmC_uA65zhQQ,qTIkvUR_ysc,9,0
2026-07-17,UCFFY072qzjDnmC_uA65zhQQ,qvWP9uPmD-Y,14,0.071428571428571425
2026-07-17,UCFFY072qzjDnmC_uA65zhQQ,rSpIRpNrtto,5,0
2026-07-17,UCFFY072qzjDnmC_uA65zhQQ,ss_JrKiSyZw,7,0
2026-07-17,UCFFY072qzjDnmC_uA65zhQQ,taTgfz1dUAc,2,0
2026-07-17,UCFFY072qzjDnmC_uA65zhQQ,uULJgUopqWE,5,0
2026-07-17,UCFFY072qzjDnmC_uA65zhQQ,vD5KR4XrkLk,12,0
2026-07-17,UCFFY072qzjDnmC_uA65zhQQ,wezZH8qpWyY,1,0
2026-07-17,UCFFY072qzjDnmC_uA65zhQQ,y5HbBNKzJ0c,1,0
2026-07-17,UCFFY072qzjDnmC_uA65zhQQ,yB05q6bx2eI,12,0
2026-07-17,UCFFY072qzjDnmC_uA65zhQQ,yF5ucLxQLsU,5,0
2026-07-17,UCFFY072qzjDnmC_uA65zhQQ,yz_uWHlsIF8,3,0
2026-07-18,UCFFY072qzjDnmC_uA65zhQQ,-7RNcKxLsWc,32,0.125
2026-07-18,UCFFY072qzjDnmC_uA65zhQQ,-KMuetmIAs0,6,0.33333333333333331
2026-07-18,UCFFY072qzjDnmC_uA65zhQQ,-qTAD9VNJHg,3,0
2026-07-18,UCFFY072qzjDnmC_uA65zhQQ,0ZIO4anzY5I,15,0
2026-07-18,UCFFY072qzjDnmC_uA65zhQQ,0rhTdpz0Jyc,2,0
2026-07-18,UCFFY072qzjDnmC_uA65zhQQ,1C8YIiELECI,5,0
2026-07-18,UCFFY072qzjDnmC_uA65zhQQ,1XNo0hTd1Kc,73,0.0273972602739726
2026-07-18,UCFFY072qzjDnmC_uA65zhQQ,2x5xGIWsYec,2,0
2026-07-18,UCFFY072qzjDnmC_uA65zhQQ,3s24LgNa3B0,23,0.17391304347826086
2026-07-18,UCFFY072qzjDnmC_uA65zhQQ,4sxqdyUBRsI,4,0
2026-07-18,UCFFY072qzjDnmC_uA65zhQQ,5PsaPj_z7ts,1,0
2026-07-18,UCFFY072qzjDnmC_uA65zhQQ,6LlydS0_23w,19,0.052631578947368418
2026-07-18,UCFFY072qzjDnmC_uA65zhQQ,6irjGxFpmj4,1,0
2026-07-18,UCFFY072qzjDnmC_uA65zhQQ,744vAmBXikY,19,0
2026-07-18,UCFFY072qzjDnmC_uA65zhQQ,7JTpRZ6EAj4,11,0.090909090909090912
2026-07-18,UCFFY072qzjDnmC_uA65zhQQ,7bs6ELSOGFg,3,0
2026-07-18,UCFFY072qzjDnmC_uA65zhQQ,7sIU7b-5vCA,5,0
2026-07-18,UCFFY072qzjDnmC_uA65zhQQ,8P-YiIGlBjE,10,0
2026-07-18,UCFFY072qzjDnmC_uA65zhQQ,9qhfAvXGR1U,2,0
2026-07-18,UCFFY072qzjDnmC_uA65zhQQ,AJmfMOm5Sls,14,0
2026-07-18,UCFFY072qzjDnmC_uA65zhQQ,BTCe24GOWqk,19,0.10526315789473684
2026-07-18,UCFFY072qzjDnmC_uA65zhQQ,BuNbDIm2ieg,5,0
2026-07-18,UCFFY072qzjDnmC_uA65zhQQ,BvnWdTTwSys,12,0
2026-07-18,UCFFY072qzjDnmC_uA65zhQQ,CVCUMNF_koE,3,0
2026-07-18,UCFFY072qzjDnmC_uA65zhQQ,DIhEv0TjUkY,6,0
2026-07-18,UCFFY072qzjDnmC_uA65zhQQ,EPazhvJ7Jd0,2,0
2026-07-18,UCFFY072qzjDnmC_uA65zhQQ,EXv89Z4tXZ0,36,0.1111111111111111
2026-07-18,UCFFY072qzjDnmC_uA65zhQQ,EwkXAwTL_QI,1,0
2026-07-18,UCFFY072qzjDnmC_uA65zhQQ,FQHJqEfpZz8,21,0.047619047619047616
2026-07-18,UCFFY072qzjDnmC_uA65zhQQ,FZazL5XS_fw,16,0.0625
2026-07-18,UCFFY072qzjDnmC_uA65zhQQ,FdWxDjGBIM4,23,0.13043478260869565
2026-07-18,UCFFY072qzjDnmC_uA65zhQQ,GNVK5JQjXos,3,0
2026-07-18,UCFFY072qzjDnmC_uA65zhQQ,Gp0dyrxdI_0,16,0.0625
2026-07-18,UCFFY072qzjDnmC_uA65zhQQ,HXCcgOM0Uws,2,0
2026-07-18,UCFFY072qzjDnmC_uA65zhQQ,IaCjWJ3vy48,39,0.05128205128205128
2026-07-18,UCFFY072qzjDnmC_uA65zhQQ,IvAkc1fwzUc,8,0
2026-07-18,UCFFY072qzjDnmC_uA65zhQQ,J85xwjbTMgQ,2,0
2026-07-18,UCFFY072qzjDnmC_uA65zhQQ,Jlc-Jtd81o0,4,0
2026-07-18,UCFFY072qzjDnmC_uA65zhQQ,Klivqn7VoxY,8,0
2026-07-18,UCFFY072qzjDnmC_uA65zhQQ,KoVVQ_ay2Vg,1,1
2026-07-18,UCFFY072qzjDnmC_uA65zhQQ,LLXlFny9jYc,5,0
2026-07-18,UCFFY072qzjDnmC_uA65zhQQ,LRNKHD90ThE,1,0
2026-07-18,UCFFY072qzjDnmC_uA65zhQQ,M64uEXXFdF8,28,0.035714285714285712
2026-07-18,UCFFY072qzjDnmC_uA65zhQQ,NH01AGqUk98,3,0
2026-07-18,UCFFY072qzjDnmC_uA65zhQQ,PGZEUuam-rA,21,0.047619047619047616
2026-07-18,UCFFY072qzjDnmC_uA65zhQQ,Q__n0KC548c,11,0
2026-07-18,UCFFY072qzjDnmC_uA65zhQQ,QhRgPOmgBDU,1,0
2026-07-18,UCFFY072qzjDnmC_uA65zhQQ,RGVNMIv9NeA,10,0
2026-07-18,UCFFY072qzjDnmC_uA65zhQQ,RR9mLs5RgtA,4,0
2026-07-18,UCFFY072qzjDnmC_uA65zhQQ,SPCRzy8PD3M,38,0.026315789473684209
2026-07-18,UCFFY072qzjDnmC_uA65zhQQ,UffIvNL8fLg,13,0
2026-07-18,UCFFY072qzjDnmC_uA65zhQQ,VYcynJqnsyU,4,0
2026-07-18,UCFFY072qzjDnmC_uA65zhQQ,WpAYWow2Yuw,7,0
2026-07-18,UCFFY072qzjDnmC_uA65zhQQ,XD8tgLIwHvQ,8,0
2026-07-18,UCFFY072qzjDnmC_uA65zhQQ,YWrjNeKZBR8,66,0.10606060606060606
2026-07-18,UCFFY072qzjDnmC_uA65zhQQ,Z4tzAXpPz0s,61,0.098360655737704916
2026-07-18,UCFFY072qzjDnmC_uA65zhQQ,ZzIrT1d2m4g,5,0
2026-07-18,UCFFY072qzjDnmC_uA65zhQQ,_3EAZlSh5zM,12,0
2026-07-18,UCFFY072qzjDnmC_uA65zhQQ,_mj3H2RN7Eg,9,0
2026-07-18,UCFFY072qzjDnmC_uA65zhQQ,aAso_jiDQhQ,26,0
2026-07-18,UCFFY072qzjDnmC_uA65zhQQ,b5judqdZ4eI,198,0.23737373737373738
2026-07-18,UCFFY072qzjDnmC_uA65zhQQ,bU-TYOpKgaQ,10,0
2026-07-18,UCFFY072qzjDnmC_uA65zhQQ,cuI3UY3v3gI,1,0
2026-07-18,UCFFY072qzjDnmC_uA65zhQQ,dR6SIFXqyLA,10,0
2026-07-18,UCFFY072qzjDnmC_uA65zhQQ,eGedfjRrI5w,3,0
2026-07-18,UCFFY072qzjDnmC_uA65zhQQ,f3GFgdZYHG4,11,0.36363636363636365
2026-07-18,UCFFY072qzjDnmC_uA65zhQQ,fGezis2rjZA,19,0
2026-07-18,UCFFY072qzjDnmC_uA65zhQQ,f_G_acY5Jt4,2,0
2026-07-18,UCFFY072qzjDnmC_uA65zhQQ,h2mcGEc0hcY,34,0.14705882352941177
2026-07-18,UCFFY072qzjDnmC_uA65zhQQ,hudmiFcA57A,8,0
2026-07-18,UCFFY072qzjDnmC_uA65zhQQ,j2uFT1pKGPE,13,0
2026-07-18,UCFFY072qzjDnmC_uA65zhQQ,jW3y87r-g8k,1,0
2026-07-18,UCFFY072qzjDnmC_uA65zhQQ,kWtTpnW-uW0,6,0
2026-07-18,UCFFY072qzjDnmC_uA65zhQQ,l6jdNIJF3CQ,7,0
2026-07-18,UCFFY072qzjDnmC_uA65zhQQ,mF_kzkE7IJ4,14,0.071428571428571425
2026-07-18,UCFFY072qzjDnmC_uA65zhQQ,mbAcnZ8BqBY,19,0
2026-07-18,UCFFY072qzjDnmC_uA65zhQQ,nOBtQ8KqMLY,8,0
2026-07-18,UCFFY072qzjDnmC_uA65zhQQ,oI_yFGUHZY0,11,0
2026-07-18,UCFFY072qzjDnmC_uA65zhQQ,of-AvGSADq8,41,0.024390243902439025
2026-07-18,UCFFY072qzjDnmC_uA65zhQQ,pHK8uMvoDT4,21,0
2026-07-18,UCFFY072qzjDnmC_uA65zhQQ,pHU3663gH1I,1,0
2026-07-18,UCFFY072qzjDnmC_uA65zhQQ,pphVqANkxtE,1,0
2026-07-18,UCFFY072qzjDnmC_uA65zhQQ,pyv1_pwtQg4,5,0
2026-07-18,UCFFY072qzjDnmC_uA65zhQQ,q1uDScvMQfg,8,0.125
2026-07-18,UCFFY072qzjDnmC_uA65zhQQ,qTIkvUR_ysc,11,0.090909090909090912
2026-07-18,UCFFY072qzjDnmC_uA65zhQQ,qvWP9uPmD-Y,19,0.052631578947368418
2026-07-18,UCFFY072qzjDnmC_uA65zhQQ,rAAA7glPy5o,1,0
2026-07-18,UCFFY072qzjDnmC_uA65zhQQ,rSpIRpNrtto,15,0
2026-07-18,UCFFY072qzjDnmC_uA65zhQQ,ss_JrKiSyZw,14,0.071428571428571425
2026-07-18,UCFFY072qzjDnmC_uA65zhQQ,taTgfz1dUAc,4,0
2026-07-18,UCFFY072qzjDnmC_uA65zhQQ,uULJgUopqWE,11,0.090909090909090912
2026-07-18,UCFFY072qzjDnmC_uA65zhQQ,vD5KR4XrkLk,18,0.16666666666666666
2026-07-18,UCFFY072qzjDnmC_uA65zhQQ,xEkmwt0UHYs,2,0
2026-07-18,UCFFY072qzjDnmC_uA65zhQQ,y5HbBNKzJ0c,5,0
2026-07-18,UCFFY072qzjDnmC_uA65zhQQ,yB05q6bx2eI,10,0
2026-07-18,UCFFY072qzjDnmC_uA65zhQQ,yF5ucLxQLsU,8,0
2026-07-18,UCFFY072qzjDnmC_uA65zhQQ,yz_uWHlsIF8,7,0
2026-07-19,UCFFY072qzjDnmC_uA65zhQQ,-7RNcKxLsWc,14,0.14285714285714285
2026-07-19,UCFFY072qzjDnmC_uA65zhQQ,-KMuetmIAs0,5,0
2026-07-19,UCFFY072qzjDnmC_uA65zhQQ,-qTAD9VNJHg,4,0.25
2026-07-19,UCFFY072qzjDnmC_uA65zhQQ,-vseQgEaQd8,1,0
2026-07-19,UCFFY072qzjDnmC_uA65zhQQ,0ZIO4anzY5I,16,0.0625
2026-07-19,UCFFY072qzjDnmC_uA65zhQQ,0rhTdpz0Jyc,2,0
2026-07-19,UCFFY072qzjDnmC_uA65zhQQ,1C8YIiELECI,5,0
2026-07-19,UCFFY072qzjDnmC_uA65zhQQ,1XNo0hTd1Kc,19,0.10526315789473684
2026-07-19,UCFFY072qzjDnmC_uA65zhQQ,2PLwXk__E14,4,0.25
2026-07-19,UCFFY072qzjDnmC_uA65zhQQ,2x5xGIWsYec,2,0
2026-07-19,UCFFY072qzjDnmC_uA65zhQQ,3s24LgNa3B0,13,0.076923076923076927
2026-07-19,UCFFY072qzjDnmC_uA65zhQQ,4sxqdyUBRsI,2,0
2026-07-19,UCFFY072qzjDnmC_uA65zhQQ,5PsaPj_z7ts,3,0
2026-07-19,UCFFY072qzjDnmC_uA65zhQQ,6LlydS0_23w,4,0
2026-07-19,UCFFY072qzjDnmC_uA65zhQQ,6irjGxFpmj4,2,0
2026-07-19,UCFFY072qzjDnmC_uA65zhQQ,744vAmBXikY,16,0.125
2026-07-19,UCFFY072qzjDnmC_uA65zhQQ,7JTpRZ6EAj4,6,0.33333333333333331
2026-07-19,UCFFY072qzjDnmC_uA65zhQQ,7bs6ELSOGFg,4,0
2026-07-19,UCFFY072qzjDnmC_uA65zhQQ,7sIU7b-5vCA,4,0.5
2026-07-19,UCFFY072qzjDnmC_uA65zhQQ,8P-YiIGlBjE,13,0
2026-07-19,UCFFY072qzjDnmC_uA65zhQQ,9qhfAvXGR1U,2,0
2026-07-19,UCFFY072qzjDnmC_uA65zhQQ,AJmfMOm5Sls,15,0.066666666666666666
2026-07-19,UCFFY072qzjDnmC_uA65zhQQ,BTCe24GOWqk,34,0.088235294117647065
2026-07-19,UCFFY072qzjDnmC_uA65zhQQ,BbOIL8iN8Xs,2,0
2026-07-19,UCFFY072qzjDnmC_uA65zhQQ,BuNbDIm2ieg,3,0
2026-07-19,UCFFY072qzjDnmC_uA65zhQQ,BvnWdTTwSys,7,0.14285714285714285
2026-07-19,UCFFY072qzjDnmC_uA65zhQQ,CVCUMNF_koE,3,0
2026-07-19,UCFFY072qzjDnmC_uA65zhQQ,DIhEv0TjUkY,8,0.125
2026-07-19,UCFFY072qzjDnmC_uA65zhQQ,EPazhvJ7Jd0,5,0
2026-07-19,UCFFY072qzjDnmC_uA65zhQQ,EXv89Z4tXZ0,23,0.13043478260869565
2026-07-19,UCFFY072qzjDnmC_uA65zhQQ,EwkXAwTL_QI,2,0
2026-07-19,UCFFY072qzjDnmC_uA65zhQQ,FQHJqEfpZz8,21,0.047619047619047616
2026-07-19,UCFFY072qzjDnmC_uA65zhQQ,FZazL5XS_fw,5,0
2026-07-19,UCFFY072qzjDnmC_uA65zhQQ,FdWxDjGBIM4,25,0
2026-07-19,UCFFY072qzjDnmC_uA65zhQQ,GNVK5JQjXos,15,0.13333333333333333
2026-07-19,UCFFY072qzjDnmC_uA65zhQQ,Gp0dyrxdI_0,19,0
2026-07-19,UCFFY072qzjDnmC_uA65zhQQ,HXCcgOM0Uws,1,0
2026-07-19,UCFFY072qzjDnmC_uA65zhQQ,IaCjWJ3vy48,70,0.1
2026-07-19,UCFFY072qzjDnmC_uA65zhQQ,IvAkc1fwzUc,18,0.1111111111111111
2026-07-19,UCFFY072qzjDnmC_uA65zhQQ,J85xwjbTMgQ,4,0
2026-07-19,UCFFY072qzjDnmC_uA65zhQQ,Jlc-Jtd81o0,3,0
2026-07-19,UCFFY072qzjDnmC_uA65zhQQ,Klivqn7VoxY,3,0.33333333333333331
2026-07-19,UCFFY072qzjDnmC_uA65zhQQ,KoVVQ_ay2Vg,3,0
2026-07-19,UCFFY072qzjDnmC_uA65zhQQ,LLXlFny9jYc,13,0
2026-07-19,UCFFY072qzjDnmC_uA65zhQQ,LRNKHD90ThE,1,0
2026-07-19,UCFFY072qzjDnmC_uA65zhQQ,M64uEXXFdF8,12,0.083333333333333329
2026-07-19,UCFFY072qzjDnmC_uA65zhQQ,MIl3uXiC4bQ,2,0
2026-07-19,UCFFY072qzjDnmC_uA65zhQQ,MkDw5J3auiQ,1,0
2026-07-19,UCFFY072qzjDnmC_uA65zhQQ,NH01AGqUk98,2,0.5
2026-07-19,UCFFY072qzjDnmC_uA65zhQQ,PBqVfCApl4I,2,0
2026-07-19,UCFFY072qzjDnmC_uA65zhQQ,PGZEUuam-rA,7,0
2026-07-19,UCFFY072qzjDnmC_uA65zhQQ,Q__n0KC548c,11,0
2026-07-19,UCFFY072qzjDnmC_uA65zhQQ,QhRgPOmgBDU,3,0
2026-07-19,UCFFY072qzjDnmC_uA65zhQQ,RGVNMIv9NeA,9,0
2026-07-19,UCFFY072qzjDnmC_uA65zhQQ,RR9mLs5RgtA,4,0
2026-07-19,UCFFY072qzjDnmC_uA65zhQQ,RqNhgaAulhI,1,0
2026-07-19,UCFFY072qzjDnmC_uA65zhQQ,SPCRzy8PD3M,23,0
2026-07-19,UCFFY072qzjDnmC_uA65zhQQ,UffIvNL8fLg,9,0
2026-07-19,UCFFY072qzjDnmC_uA65zhQQ,VYcynJqnsyU,7,0.2857142857142857
2026-07-19,UCFFY072qzjDnmC_uA65zhQQ,WpAYWow2Yuw,8,0.125
2026-07-19,UCFFY072qzjDnmC_uA65zhQQ,XD8tgLIwHvQ,6,0
2026-07-19,UCFFY072qzjDnmC_uA65zhQQ,XQ-E73dLxTE,2,0
2026-07-19,UCFFY072qzjDnmC_uA65zhQQ,YWrjNeKZBR8,89,0.06741573033707865
2026-07-19,UCFFY072qzjDnmC_uA65zhQQ,YrMnQa68sQc,1,0
2026-07-19,UCFFY072qzjDnmC_uA65zhQQ,Z4tzAXpPz0s,51,0.098039215686274508
2026-07-19,UCFFY072qzjDnmC_uA65zhQQ,ZOBF9SJEjDU,1,0
2026-07-19,UCFFY072qzjDnmC_uA65zhQQ,ZzIrT1d2m4g,1,0
2026-07-19,UCFFY072qzjDnmC_uA65zhQQ,_3EAZlSh5zM,8,0
2026-07-19,UCFFY072qzjDnmC_uA65zhQQ,_mj3H2RN7Eg,8,0
2026-07-19,UCFFY072qzjDnmC_uA65zhQQ,aAso_jiDQhQ,28,0.071428571428571425
2026-07-19,UCFFY072qzjDnmC_uA65zhQQ,b5judqdZ4eI,141,0.1276595744680851
2026-07-19,UCFFY072qzjDnmC_uA65zhQQ,bU-TYOpKgaQ,8,0
2026-07-19,UCFFY072qzjDnmC_uA65zhQQ,cuI3UY3v3gI,3,0
2026-07-19,UCFFY072qzjDnmC_uA65zhQQ,dR6SIFXqyLA,12,0
2026-07-19,UCFFY072qzjDnmC_uA65zhQQ,eGedfjRrI5w,1,0
2026-07-19,UCFFY072qzjDnmC_uA65zhQQ,eH1CndEyHrc,7,0
2026-07-19,UCFFY072qzjDnmC_uA65zhQQ,f2T5LyFvhBM,2,0
2026-07-19,UCFFY072qzjDnmC_uA65zhQQ,f3GFgdZYHG4,10,0
2026-07-19,UCFFY072qzjDnmC_uA65zhQQ,fGezis2rjZA,36,0.083333333333333329
2026-07-19,UCFFY072qzjDnmC_uA65zhQQ,f_G_acY5Jt4,11,0
2026-07-19,UCFFY072qzjDnmC_uA65zhQQ,gLUZAvea2oc,2,0
2026-07-19,UCFFY072qzjDnmC_uA65zhQQ,h2mcGEc0hcY,26,0.076923076923076927
2026-07-19,UCFFY072qzjDnmC_uA65zhQQ,hudmiFcA57A,1,0
2026-07-19,UCFFY072qzjDnmC_uA65zhQQ,j2uFT1pKGPE,11,0.090909090909090912
2026-07-19,UCFFY072qzjDnmC_uA65zhQQ,j7xlFldh4gM,2,0
2026-07-19,UCFFY072qzjDnmC_uA65zhQQ,jW3y87r-g8k,1,0
2026-07-19,UCFFY072qzjDnmC_uA65zhQQ,kWtTpnW-uW0,5,0
2026-07-19,UCFFY072qzjDnmC_uA65zhQQ,l6jdNIJF3CQ,7,0
2026-07-19,UCFFY072qzjDnmC_uA65zhQQ,lNqMWsD057k,2,0
2026-07-19,UCFFY072qzjDnmC_uA65zhQQ,mF_kzkE7IJ4,25,0.08
2026-07-19,UCFFY072qzjDnmC_uA65zhQQ,mbAcnZ8BqBY,13,0
2026-07-19,UCFFY072qzjDnmC_uA65zhQQ,nOBtQ8KqMLY,8,0
2026-07-19,UCFFY072qzjDnmC_uA65zhQQ,oI_yFGUHZY0,9,0.22222222222222221
2026-07-19,UCFFY072qzjDnmC_uA65zhQQ,of-AvGSADq8,29,0
2026-07-19,UCFFY072qzjDnmC_uA65zhQQ,pHK8uMvoDT4,17,0.058823529411764705
2026-07-19,UCFFY072qzjDnmC_uA65zhQQ,pHU3663gH1I,5,0
2026-07-19,UCFFY072qzjDnmC_uA65zhQQ,pphVqANkxtE,1,0
2026-07-19,UCFFY072qzjDnmC_uA65zhQQ,pyv1_pwtQg4,9,0
2026-07-19,UCFFY072qzjDnmC_uA65zhQQ,q1uDScvMQfg,3,0
2026-07-19,UCFFY072qzjDnmC_uA65zhQQ,qTIkvUR_ysc,3,0
2026-07-19,UCFFY072qzjDnmC_uA65zhQQ,qvWP9uPmD-Y,32,0
2026-07-19,UCFFY072qzjDnmC_uA65zhQQ,rAAA7glPy5o,1,0
2026-07-19,UCFFY072qzjDnmC_uA65zhQQ,rSpIRpNrtto,8,0.125
2026-07-19,UCFFY072qzjDnmC_uA65zhQQ,ss_JrKiSyZw,10,0
2026-07-19,UCFFY072qzjDnmC_uA65zhQQ,taTgfz1dUAc,9,0
2026-07-19,UCFFY072qzjDnmC_uA65zhQQ,uULJgUopqWE,16,0.0625
2026-07-19,UCFFY072qzjDnmC_uA65zhQQ,vD5KR4XrkLk,13,0.15384615384615385
2026-07-19,UCFFY072qzjDnmC_uA65zhQQ,wezZH8qpWyY,2,0
2026-07-19,UCFFY072qzjDnmC_uA65zhQQ,xEkmwt0UHYs,1,0
2026-07-19,UCFFY072qzjDnmC_uA65zhQQ,y5HbBNKzJ0c,3,0
2026-07-19,UCFFY072qzjDnmC_uA65zhQQ,yB05q6bx2eI,5,0
2026-07-19,UCFFY072qzjDnmC_uA65zhQQ,yF5ucLxQLsU,6,0
2026-07-19,UCFFY072qzjDnmC_uA65zhQQ,yz_uWHlsIF8,8,0.125
2026-07-20,UCFFY072qzjDnmC_uA65zhQQ,-7RNcKxLsWc,36,0.1388888888888889
2026-07-20,UCFFY072qzjDnmC_uA65zhQQ,-KMuetmIAs0,1,0
2026-07-20,UCFFY072qzjDnmC_uA65zhQQ,0ZIO4anzY5I,14,0.071428571428571425
2026-07-20,UCFFY072qzjDnmC_uA65zhQQ,0rhTdpz0Jyc,2,0
2026-07-20,UCFFY072qzjDnmC_uA65zhQQ,1C8YIiELECI,3,0
2026-07-20,UCFFY072qzjDnmC_uA65zhQQ,1XNo0hTd1Kc,5,0.2
2026-07-20,UCFFY072qzjDnmC_uA65zhQQ,3s24LgNa3B0,4,0
2026-07-20,UCFFY072qzjDnmC_uA65zhQQ,4sxqdyUBRsI,1,0
2026-07-20,UCFFY072qzjDnmC_uA65zhQQ,6LlydS0_23w,6,0
2026-07-20,UCFFY072qzjDnmC_uA65zhQQ,744vAmBXikY,5,0
2026-07-20,UCFFY072qzjDnmC_uA65zhQQ,7JTpRZ6EAj4,6,0.16666666666666666
2026-07-20,UCFFY072qzjDnmC_uA65zhQQ,7bs6ELSOGFg,1,0
2026-07-20,UCFFY072qzjDnmC_uA65zhQQ,7sIU7b-5vCA,1,0
2026-07-20,UCFFY072qzjDnmC_uA65zhQQ,8P-YiIGlBjE,5,0
2026-07-20,UCFFY072qzjDnmC_uA65zhQQ,9qhfAvXGR1U,1,0
2026-07-20,UCFFY072qzjDnmC_uA65zhQQ,AJmfMOm5Sls,12,0.083333333333333329
2026-07-20,UCFFY072qzjDnmC_uA65zhQQ,BTCe24GOWqk,24,0.041666666666666664
2026-07-20,UCFFY072qzjDnmC_uA65zhQQ,BuNbDIm2ieg,2,0
2026-07-20,UCFFY072qzjDnmC_uA65zhQQ,BvnWdTTwSys,6,0.16666666666666666
2026-07-20,UCFFY072qzjDnmC_uA65zhQQ,CVCUMNF_koE,2,0
2026-07-20,UCFFY072qzjDnmC_uA65zhQQ,DIhEv0TjUkY,5,0
2026-07-20,UCFFY072qzjDnmC_uA65zhQQ,EPazhvJ7Jd0,3,0
2026-07-20,UCFFY072qzjDnmC_uA65zhQQ,EXv89Z4tXZ0,15,0.2
2026-07-20,UCFFY072qzjDnmC_uA65zhQQ,EwkXAwTL_QI,1,0
2026-07-20,UCFFY072qzjDnmC_uA65zhQQ,FQHJqEfpZz8,16,0.1875
2026-07-20,UCFFY072qzjDnmC_uA65zhQQ,FdWxDjGBIM4,12,0.083333333333333329
2026-07-20,UCFFY072qzjDnmC_uA65zhQQ,GNVK5JQjXos,7,0
2026-07-20,UCFFY072qzjDnmC_uA65zhQQ,Gp0dyrxdI_0,4,0
2026-07-20,UCFFY072qzjDnmC_uA65zhQQ,HXCcgOM0Uws,1,0
2026-07-20,UCFFY072qzjDnmC_uA65zhQQ,IaCjWJ3vy48,27,0.037037037037037035
2026-07-20,UCFFY072qzjDnmC_uA65zhQQ,IvAkc1fwzUc,5,0
2026-07-20,UCFFY072qzjDnmC_uA65zhQQ,J85xwjbTMgQ,3,0
2026-07-20,UCFFY072qzjDnmC_uA65zhQQ,Klivqn7VoxY,3,0
2026-07-20,UCFFY072qzjDnmC_uA65zhQQ,LLXlFny9jYc,4,0
2026-07-20,UCFFY072qzjDnmC_uA65zhQQ,M64uEXXFdF8,13,0.15384615384615385
2026-07-20,UCFFY072qzjDnmC_uA65zhQQ,MIl3uXiC4bQ,1,0
2026-07-20,UCFFY072qzjDnmC_uA65zhQQ,NH01AGqUk98,3,0.33333333333333331
2026-07-20,UCFFY072qzjDnmC_uA65zhQQ,PGZEUuam-rA,9,0.1111111111111111
2026-07-20,UCFFY072qzjDnmC_uA65zhQQ,Q__n0KC548c,7,0
2026-07-20,UCFFY072qzjDnmC_uA65zhQQ,QhRgPOmgBDU,2,0
2026-07-20,UCFFY072qzjDnmC_uA65zhQQ,RR9mLs5RgtA,1,0
2026-07-20,UCFFY072qzjDnmC_uA65zhQQ,SPCRzy8PD3M,20,0.05
2026-07-20,UCFFY072qzjDnmC_uA65zhQQ,UffIvNL8fLg,10,0
2026-07-20,UCFFY072qzjDnmC_uA65zhQQ,VYcynJqnsyU,6,0
2026-07-20,UCFFY072qzjDnmC_uA65zhQQ,WpAYWow2Yuw,1,0
2026-07-20,UCFFY072qzjDnmC_uA65zhQQ,XD8tgLIwHvQ,3,0
2026-07-20,UCFFY072qzjDnmC_uA65zhQQ,YWrjNeKZBR8,41,0.1951219512195122
2026-07-20,UCFFY072qzjDnmC_uA65zhQQ,Z4tzAXpPz0s,41,0.073170731707317069
2026-07-20,UCFFY072qzjDnmC_uA65zhQQ,ZzIrT1d2m4g,1,0
2026-07-20,UCFFY072qzjDnmC_uA65zhQQ,_3EAZlSh5zM,15,0
2026-07-20,UCFFY072qzjDnmC_uA65zhQQ,_mj3H2RN7Eg,9,0
2026-07-20,UCFFY072qzjDnmC_uA65zhQQ,aAso_jiDQhQ,7,0
2026-07-20,UCFFY072qzjDnmC_uA65zhQQ,b5judqdZ4eI,168,0.13095238095238096
2026-07-20,UCFFY072qzjDnmC_uA65zhQQ,bU-TYOpKgaQ,7,0
2026-07-20,UCFFY072qzjDnmC_uA65zhQQ,cuI3UY3v3gI,1,0
2026-07-20,UCFFY072qzjDnmC_uA65zhQQ,dR6SIFXqyLA,4,0.25
2026-07-20,UCFFY072qzjDnmC_uA65zhQQ,eGedfjRrI5w,1,0
2026-07-20,UCFFY072qzjDnmC_uA65zhQQ,eH1CndEyHrc,4,0
2026-07-20,UCFFY072qzjDnmC_uA65zhQQ,f3GFgdZYHG4,6,0
2026-07-20,UCFFY072qzjDnmC_uA65zhQQ,fGezis2rjZA,14,0
2026-07-20,UCFFY072qzjDnmC_uA65zhQQ,f_G_acY5Jt4,3,0
2026-07-20,UCFFY072qzjDnmC_uA65zhQQ,h2mcGEc0hcY,29,0.068965517241379309
2026-07-20,UCFFY072qzjDnmC_uA65zhQQ,hudmiFcA57A,2,0
2026-07-20,UCFFY072qzjDnmC_uA65zhQQ,j2uFT1pKGPE,4,0
2026-07-20,UCFFY072qzjDnmC_uA65zhQQ,jW3y87r-g8k,1,0
2026-07-20,UCFFY072qzjDnmC_uA65zhQQ,kWtTpnW-uW0,6,0
2026-07-20,UCFFY072qzjDnmC_uA65zhQQ,l6jdNIJF3CQ,2,0
2026-07-20,UCFFY072qzjDnmC_uA65zhQQ,mF_kzkE7IJ4,13,0.076923076923076927
2026-07-20,UCFFY072qzjDnmC_uA65zhQQ,mbAcnZ8BqBY,18,0.055555555555555552
2026-07-20,UCFFY072qzjDnmC_uA65zhQQ,nOBtQ8KqMLY,4,0
2026-07-20,UCFFY072qzjDnmC_uA65zhQQ,oI_yFGUHZY0,9,0.1111111111111111
2026-07-20,UCFFY072qzjDnmC_uA65zhQQ,of-AvGSADq8,19,0
2026-07-20,UCFFY072qzjDnmC_uA65zhQQ,pHK8uMvoDT4,10,0
2026-07-20,UCFFY072qzjDnmC_uA65zhQQ,pHU3663gH1I,3,0
2026-07-20,UCFFY072qzjDnmC_uA65zhQQ,pyv1_pwtQg4,5,0
2026-07-20,UCFFY072qzjDnmC_uA65zhQQ,q1uDScvMQfg,3,0
2026-07-20,UCFFY072qzjDnmC_uA65zhQQ,qTIkvUR_ysc,9,0.1111111111111111
2026-07-20,UCFFY072qzjDnmC_uA65zhQQ,qvWP9uPmD-Y,15,0.13333333333333333
2026-07-20,UCFFY072qzjDnmC_uA65zhQQ,rSpIRpNrtto,3,0
2026-07-20,UCFFY072qzjDnmC_uA65zhQQ,ss_JrKiSyZw,2,0
2026-07-20,UCFFY072qzjDnmC_uA65zhQQ,taTgfz1dUAc,5,0
2026-07-20,UCFFY072qzjDnmC_uA65zhQQ,uULJgUopqWE,6,0
2026-07-20,UCFFY072qzjDnmC_uA65zhQQ,vD5KR4XrkLk,12,0
2026-07-20,UCFFY072qzjDnmC_uA65zhQQ,wezZH8qpWyY,2,0
2026-07-20,UCFFY072qzjDnmC_uA65zhQQ,yB05q6bx2eI,14,0
2026-07-20,UCFFY072qzjDnmC_uA65zhQQ,yz_uWHlsIF8,3,0
2026-07-21,UCFFY072qzjDnmC_uA65zhQQ,-7RNcKxLsWc,22,0.13636363636363635
2026-07-21,UCFFY072qzjDnmC_uA65zhQQ,-KMuetmIAs0,6,0
2026-07-21,UCFFY072qzjDnmC_uA65zhQQ,0ZIO4anzY5I,9,0
2026-07-21,UCFFY072qzjDnmC_uA65zhQQ,1C8YIiELECI,7,0
2026-07-21,UCFFY072qzjDnmC_uA65zhQQ,1XNo0hTd1Kc,21,0
2026-07-21,UCFFY072qzjDnmC_uA65zhQQ,3s24LgNa3B0,13,0.15384615384615385
2026-07-21,UCFFY072qzjDnmC_uA65zhQQ,6LlydS0_23w,6,0
2026-07-21,UCFFY072qzjDnmC_uA65zhQQ,744vAmBXikY,16,0.0625
2026-07-21,UCFFY072qzjDnmC_uA65zhQQ,7JTpRZ6EAj4,10,0.1
2026-07-21,UCFFY072qzjDnmC_uA65zhQQ,7bs6ELSOGFg,3,0
2026-07-21,UCFFY072qzjDnmC_uA65zhQQ,7sIU7b-5vCA,2,0
2026-07-21,UCFFY072qzjDnmC_uA65zhQQ,8P-YiIGlBjE,13,0.076923076923076927
2026-07-21,UCFFY072qzjDnmC_uA65zhQQ,9qhfAvXGR1U,5,0.2
2026-07-21,UCFFY072qzjDnmC_uA65zhQQ,AJmfMOm5Sls,12,0
2026-07-21,UCFFY072qzjDnmC_uA65zhQQ,BTCe24GOWqk,11,0
2026-07-21,UCFFY072qzjDnmC_uA65zhQQ,BuNbDIm2ieg,4,0
2026-07-21,UCFFY072qzjDnmC_uA65zhQQ,BvnWdTTwSys,8,0
2026-07-21,UCFFY072qzjDnmC_uA65zhQQ,CVCUMNF_koE,6,0
2026-07-21,UCFFY072qzjDnmC_uA65zhQQ,DIhEv0TjUkY,7,0
2026-07-21,UCFFY072qzjDnmC_uA65zhQQ,EPazhvJ7Jd0,13,0
2026-07-21,UCFFY072qzjDnmC_uA65zhQQ,EXv89Z4tXZ0,25,0.08
2026-07-21,UCFFY072qzjDnmC_uA65zhQQ,FQHJqEfpZz8,18,0.1111111111111111
2026-07-21,UCFFY072qzjDnmC_uA65zhQQ,FZazL5XS_fw,3,0
2026-07-21,UCFFY072qzjDnmC_uA65zhQQ,FdWxDjGBIM4,9,0
2026-07-21,UCFFY072qzjDnmC_uA65zhQQ,GNVK5JQjXos,7,0.14285714285714285
2026-07-21,UCFFY072qzjDnmC_uA65zhQQ,Gp0dyrxdI_0,17,0.058823529411764705
2026-07-21,UCFFY072qzjDnmC_uA65zhQQ,IaCjWJ3vy48,34,0.088235294117647065
2026-07-21,UCFFY072qzjDnmC_uA65zhQQ,IvAkc1fwzUc,15,0.13333333333333333
2026-07-21,UCFFY072qzjDnmC_uA65zhQQ,J85xwjbTMgQ,1,0
2026-07-21,UCFFY072qzjDnmC_uA65zhQQ,KoVVQ_ay2Vg,1,0
2026-07-21,UCFFY072qzjDnmC_uA65zhQQ,LLXlFny9jYc,5,0
2026-07-21,UCFFY072qzjDnmC_uA65zhQQ,M64uEXXFdF8,31,0.064516129032258063
2026-07-21,UCFFY072qzjDnmC_uA65zhQQ,NH01AGqUk98,4,0.25
2026-07-21,UCFFY072qzjDnmC_uA65zhQQ,PGZEUuam-rA,24,0.125
2026-07-21,UCFFY072qzjDnmC_uA65zhQQ,Q__n0KC548c,7,0.14285714285714285
2026-07-21,UCFFY072qzjDnmC_uA65zhQQ,QhRgPOmgBDU,2,0
2026-07-21,UCFFY072qzjDnmC_uA65zhQQ,RGVNMIv9NeA,4,0
2026-07-21,UCFFY072qzjDnmC_uA65zhQQ,SPCRzy8PD3M,62,0.14516129032258066
2026-07-21,UCFFY072qzjDnmC_uA65zhQQ,UffIvNL8fLg,10,0.1
2026-07-21,UCFFY072qzjDnmC_uA65zhQQ,VYcynJqnsyU,3,0.33333333333333331
2026-07-21,UCFFY072qzjDnmC_uA65zhQQ,WpAYWow2Yuw,2,0
2026-07-21,UCFFY072qzjDnmC_uA65zhQQ,XD8tgLIwHvQ,5,0
2026-07-21,UCFFY072qzjDnmC_uA65zhQQ,YWrjNeKZBR8,53,0.075471698113207544
2026-07-21,UCFFY072qzjDnmC_uA65zhQQ,Z4tzAXpPz0s,52,0.096153846153846159
2026-07-21,UCFFY072qzjDnmC_uA65zhQQ,ZsiHzy2w60o,65,0.015384615384615385
2026-07-21,UCFFY072qzjDnmC_uA65zhQQ,ZzIrT1d2m4g,3,0.33333333333333331
2026-07-21,UCFFY072qzjDnmC_uA65zhQQ,_3EAZlSh5zM,18,0
2026-07-21,UCFFY072qzjDnmC_uA65zhQQ,_mj3H2RN7Eg,11,0
2026-07-21,UCFFY072qzjDnmC_uA65zhQQ,aAso_jiDQhQ,12,0
2026-07-21,UCFFY072qzjDnmC_uA65zhQQ,b5judqdZ4eI,245,0.097959183673469383
2026-07-21,UCFFY072qzjDnmC_uA65zhQQ,bU-TYOpKgaQ,10,0
2026-07-21,UCFFY072qzjDnmC_uA65zhQQ,cuI3UY3v3gI,3,0
2026-07-21,UCFFY072qzjDnmC_uA65zhQQ,dR6SIFXqyLA,7,0.14285714285714285
2026-07-21,UCFFY072qzjDnmC_uA65zhQQ,eGedfjRrI5w,2,0
2026-07-21,UCFFY072qzjDnmC_uA65zhQQ,eH1CndEyHrc,3,0
2026-07-21,UCFFY072qzjDnmC_uA65zhQQ,f3GFgdZYHG4,7,0
2026-07-21,UCFFY072qzjDnmC_uA65zhQQ,fGezis2rjZA,9,0
2026-07-21,UCFFY072qzjDnmC_uA65zhQQ,f_G_acY5Jt4,2,0
2026-07-21,UCFFY072qzjDnmC_uA65zhQQ,h2mcGEc0hcY,27,0.25925925925925924
2026-07-21,UCFFY072qzjDnmC_uA65zhQQ,hudmiFcA57A,1,0
2026-07-21,UCFFY072qzjDnmC_uA65zhQQ,j2uFT1pKGPE,11,0.090909090909090912
2026-07-21,UCFFY072qzjDnmC_uA65zhQQ,kWtTpnW-uW0,3,0
2026-07-21,UCFFY072qzjDnmC_uA65zhQQ,l6jdNIJF3CQ,3,0
2026-07-21,UCFFY072qzjDnmC_uA65zhQQ,mF_kzkE7IJ4,17,0
2026-07-21,UCFFY072qzjDnmC_uA65zhQQ,mbAcnZ8BqBY,10,0.1
2026-07-21,UCFFY072qzjDnmC_uA65zhQQ,nOBtQ8KqMLY,12,0
2026-07-21,UCFFY072qzjDnmC_uA65zhQQ,oI_yFGUHZY0,11,0
2026-07-21,UCFFY072qzjDnmC_uA65zhQQ,of-AvGSADq8,19,0
2026-07-21,UCFFY072qzjDnmC_uA65zhQQ,pHK8uMvoDT4,31,0.032258064516129031
2026-07-21,UCFFY072qzjDnmC_uA65zhQQ,pHU3663gH1I,1,0
2026-07-21,UCFFY072qzjDnmC_uA65zhQQ,pyv1_pwtQg4,1,0
2026-07-21,UCFFY072qzjDnmC_uA65zhQQ,q1uDScvMQfg,1,0
2026-07-21,UCFFY072qzjDnmC_uA65zhQQ,qTIkvUR_ysc,4,0
2026-07-21,UCFFY072qzjDnmC_uA65zhQQ,qvWP9uPmD-Y,16,0
2026-07-21,UCFFY072qzjDnmC_uA65zhQQ,rSpIRpNrtto,5,0
2026-07-21,UCFFY072qzjDnmC_uA65zhQQ,ss_JrKiSyZw,13,0.15384615384615385
2026-07-21,UCFFY072qzjDnmC_uA65zhQQ,taTgfz1dUAc,1,0
2026-07-21,UCFFY072qzjDnmC_uA65zhQQ,uULJgUopqWE,10,0
2026-07-21,UCFFY072qzjDnmC_uA65zhQQ,vD5KR4XrkLk,12,0
2026-07-21,UCFFY072qzjDnmC_uA65zhQQ,y5HbBNKzJ0c,3,0.33333333333333331
2026-07-21,UCFFY072qzjDnmC_uA65zhQQ,yB05q6bx2eI,7,0.14285714285714285
2026-07-21,UCFFY072qzjDnmC_uA65zhQQ,yF5ucLxQLsU,4,0.25
2026-07-21,UCFFY072qzjDnmC_uA65zhQQ,yz_uWHlsIF8,2,0
2026-07-22,UCFFY072qzjDnmC_uA65zhQQ,-7RNcKxLsWc,8,0.125
2026-07-22,UCFFY072qzjDnmC_uA65zhQQ,-KMuetmIAs0,5,0.2
2026-07-22,UCFFY072qzjDnmC_uA65zhQQ,-vseQgEaQd8,1,0
2026-07-22,UCFFY072qzjDnmC_uA65zhQQ,0ZIO4anzY5I,7,0.14285714285714285
2026-07-22,UCFFY072qzjDnmC_uA65zhQQ,1C8YIiELECI,4,0
2026-07-22,UCFFY072qzjDnmC_uA65zhQQ,1XNo0hTd1Kc,14,0
2026-07-22,UCFFY072qzjDnmC_uA65zhQQ,2PLwXk__E14,1,0
2026-07-22,UCFFY072qzjDnmC_uA65zhQQ,2x5xGIWsYec,1,0
2026-07-22,UCFFY072qzjDnmC_uA65zhQQ,3s24LgNa3B0,4,0
2026-07-22,UCFFY072qzjDnmC_uA65zhQQ,4sxqdyUBRsI,2,0
2026-07-22,UCFFY072qzjDnmC_uA65zhQQ,5PsaPj_z7ts,1,0
2026-07-22,UCFFY072qzjDnmC_uA65zhQQ,6LlydS0_23w,9,0
2026-07-22,UCFFY072qzjDnmC_uA65zhQQ,744vAmBXikY,4,0
2026-07-22,UCFFY072qzjDnmC_uA65zhQQ,7JTpRZ6EAj4,11,0.27272727272727271
2026-07-22,UCFFY072qzjDnmC_uA65zhQQ,7sIU7b-5vCA,1,0
2026-07-22,UCFFY072qzjDnmC_uA65zhQQ,8P-YiIGlBjE,12,0.25
2026-07-22,UCFFY072qzjDnmC_uA65zhQQ,9qhfAvXGR1U,1,0
2026-07-22,UCFFY072qzjDnmC_uA65zhQQ,AJmfMOm5Sls,9,0
2026-07-22,UCFFY072qzjDnmC_uA65zhQQ,BTCe24GOWqk,19,0.052631578947368418
2026-07-22,UCFFY072qzjDnmC_uA65zhQQ,BuNbDIm2ieg,5,0
2026-07-22,UCFFY072qzjDnmC_uA65zhQQ,BvnWdTTwSys,8,0
2026-07-22,UCFFY072qzjDnmC_uA65zhQQ,CVCUMNF_koE,1,0
2026-07-22,UCFFY072qzjDnmC_uA65zhQQ,DIhEv0TjUkY,3,0
2026-07-22,UCFFY072qzjDnmC_uA65zhQQ,EXv89Z4tXZ0,31,0.25806451612903225
2026-07-22,UCFFY072qzjDnmC_uA65zhQQ,FQHJqEfpZz8,14,0.071428571428571425
2026-07-22,UCFFY072qzjDnmC_uA65zhQQ,FZazL5XS_fw,2,0
2026-07-22,UCFFY072qzjDnmC_uA65zhQQ,FdWxDjGBIM4,15,0
2026-07-22,UCFFY072qzjDnmC_uA65zhQQ,GNVK5JQjXos,5,0
2026-07-22,UCFFY072qzjDnmC_uA65zhQQ,Gp0dyrxdI_0,11,0
2026-07-22,UCFFY072qzjDnmC_uA65zhQQ,HXCcgOM0Uws,1,0
2026-07-22,UCFFY072qzjDnmC_uA65zhQQ,IaCjWJ3vy48,30,0.13333333333333333
2026-07-22,UCFFY072qzjDnmC_uA65zhQQ,IvAkc1fwzUc,10,0
2026-07-22,UCFFY072qzjDnmC_uA65zhQQ,J85xwjbTMgQ,4,0
2026-07-22,UCFFY072qzjDnmC_uA65zhQQ,Klivqn7VoxY,5,0
2026-07-22,UCFFY072qzjDnmC_uA65zhQQ,LLXlFny9jYc,12,0
2026-07-22,UCFFY072qzjDnmC_uA65zhQQ,M64uEXXFdF8,32,0.03125
2026-07-22,UCFFY072qzjDnmC_uA65zhQQ,NH01AGqUk98,3,0
2026-07-22,UCFFY072qzjDnmC_uA65zhQQ,PGZEUuam-rA,11,0.090909090909090912
2026-07-22,UCFFY072qzjDnmC_uA65zhQQ,Q__n0KC548c,8,0
2026-07-22,UCFFY072qzjDnmC_uA65zhQQ,QhRgPOmgBDU,12,0.33333333333333331
2026-07-22,UCFFY072qzjDnmC_uA65zhQQ,RGVNMIv9NeA,5,0
2026-07-22,UCFFY072qzjDnmC_uA65zhQQ,RR9mLs5RgtA,1,0
2026-07-22,UCFFY072qzjDnmC_uA65zhQQ,SPCRzy8PD3M,49,0.081632653061224483
2026-07-22,UCFFY072qzjDnmC_uA65zhQQ,UffIvNL8fLg,10,0.1
2026-07-22,UCFFY072qzjDnmC_uA65zhQQ,VYcynJqnsyU,2,0
2026-07-22,UCFFY072qzjDnmC_uA65zhQQ,WpAYWow2Yuw,3,0
2026-07-22,UCFFY072qzjDnmC_uA65zhQQ,XD8tgLIwHvQ,7,0
2026-07-22,UCFFY072qzjDnmC_uA65zhQQ,YWrjNeKZBR8,77,0.07792207792207792
2026-07-22,UCFFY072qzjDnmC_uA65zhQQ,YrMnQa68sQc,1,0
2026-07-22,UCFFY072qzjDnmC_uA65zhQQ,Z4tzAXpPz0s,64,0.125
2026-07-22,UCFFY072qzjDnmC_uA65zhQQ,ZsiHzy2w60o,23,0
2026-07-22,UCFFY072qzjDnmC_uA65zhQQ,ZzIrT1d2m4g,2,0
2026-07-22,UCFFY072qzjDnmC_uA65zhQQ,_3EAZlSh5zM,15,0
2026-07-22,UCFFY072qzjDnmC_uA65zhQQ,_mj3H2RN7Eg,11,0
2026-07-22,UCFFY072qzjDnmC_uA65zhQQ,aAso_jiDQhQ,16,0.0625
2026-07-22,UCFFY072qzjDnmC_uA65zhQQ,b5judqdZ4eI,197,0.096446700507614211
2026-07-22,UCFFY072qzjDnmC_uA65zhQQ,bU-TYOpKgaQ,3,0
2026-07-22,UCFFY072qzjDnmC_uA65zhQQ,dR6SIFXqyLA,1,0
2026-07-22,UCFFY072qzjDnmC_uA65zhQQ,eH1CndEyHrc,2,0
2026-07-22,UCFFY072qzjDnmC_uA65zhQQ,f3GFgdZYHG4,4,0
2026-07-22,UCFFY072qzjDnmC_uA65zhQQ,fGezis2rjZA,8,0
2026-07-22,UCFFY072qzjDnmC_uA65zhQQ,f_G_acY5Jt4,6,0.16666666666666666
2026-07-22,UCFFY072qzjDnmC_uA65zhQQ,h2mcGEc0hcY,26,0.11538461538461539
2026-07-22,UCFFY072qzjDnmC_uA65zhQQ,hudmiFcA57A,1,0
2026-07-22,UCFFY072qzjDnmC_uA65zhQQ,j2uFT1pKGPE,15,0
2026-07-22,UCFFY072qzjDnmC_uA65zhQQ,kWtTpnW-uW0,5,0.2
2026-07-22,UCFFY072qzjDnmC_uA65zhQQ,l6jdNIJF3CQ,7,0
2026-07-22,UCFFY072qzjDnmC_uA65zhQQ,mF_kzkE7IJ4,15,0
2026-07-22,UCFFY072qzjDnmC_uA65zhQQ,mbAcnZ8BqBY,11,0
2026-07-22,UCFFY072qzjDnmC_uA65zhQQ,nOBtQ8KqMLY,15,0
2026-07-22,UCFFY072qzjDnmC_uA65zhQQ,oI_yFGUHZY0,10,0
2026-07-22,UCFFY072qzjDnmC_uA65zhQQ,of-AvGSADq8,13,0
2026-07-22,UCFFY072qzjDnmC_uA65zhQQ,pHK8uMvoDT4,24,0.041666666666666664
2026-07-22,UCFFY072qzjDnmC_uA65zhQQ,pHU3663gH1I,1,0
2026-07-22,UCFFY072qzjDnmC_uA65zhQQ,pyv1_pwtQg4,12,0
2026-07-22,UCFFY072qzjDnmC_uA65zhQQ,q1uDScvMQfg,5,0
2026-07-22,UCFFY072qzjDnmC_uA65zhQQ,qTIkvUR_ysc,5,0
2026-07-22,UCFFY072qzjDnmC_uA65zhQQ,qvWP9uPmD-Y,32,0.125
2026-07-22,UCFFY072qzjDnmC_uA65zhQQ,rSpIRpNrtto,5,0
2026-07-22,UCFFY072qzjDnmC_uA65zhQQ,ss_JrKiSyZw,5,0.2
2026-07-22,UCFFY072qzjDnmC_uA65zhQQ,taTgfz1dUAc,1,0
2026-07-22,UCFFY072qzjDnmC_uA65zhQQ,uULJgUopqWE,5,0
2026-07-22,UCFFY072qzjDnmC_uA65zhQQ,vD5KR4XrkLk,7,0
2026-07-22,UCFFY072qzjDnmC_uA65zhQQ,y5HbBNKzJ0c,2,0
2026-07-22,UCFFY072qzjDnmC_uA65zhQQ,yB05q6bx2eI,6,0
2026-07-22,UCFFY072qzjDnmC_uA65zhQQ,yF5ucLxQLsU,1,0
2026-07-22,UCFFY072qzjDnmC_uA65zhQQ,yz_uWHlsIF8,4,0.25
2026-07-23,UCFFY072qzjDnmC_uA65zhQQ,-7RNcKxLsWc,16,0.125
2026-07-23,UCFFY072qzjDnmC_uA65zhQQ,-KMuetmIAs0,3,0
2026-07-23,UCFFY072qzjDnmC_uA65zhQQ,-vseQgEaQd8,8,0
2026-07-23,UCFFY072qzjDnmC_uA65zhQQ,0ZIO4anzY5I,24,0
2026-07-23,UCFFY072qzjDnmC_uA65zhQQ,1C8YIiELECI,1,0
2026-07-23,UCFFY072qzjDnmC_uA65zhQQ,1XNo0hTd1Kc,19,0.052631578947368418
2026-07-23,UCFFY072qzjDnmC_uA65zhQQ,2PLwXk__E14,1,0
2026-07-23,UCFFY072qzjDnmC_uA65zhQQ,2x5xGIWsYec,1,0
2026-07-23,UCFFY072qzjDnmC_uA65zhQQ,3s24LgNa3B0,12,0.083333333333333329
2026-07-23,UCFFY072qzjDnmC_uA65zhQQ,4h2g5wBWqI4,351,0.091168091168091173
2026-07-23,UCFFY072qzjDnmC_uA65zhQQ,4sxqdyUBRsI,3,0
2026-07-23,UCFFY072qzjDnmC_uA65zhQQ,6LlydS0_23w,11,0.18181818181818182
2026-07-23,UCFFY072qzjDnmC_uA65zhQQ,744vAmBXikY,21,0.23809523809523808
2026-07-23,UCFFY072qzjDnmC_uA65zhQQ,7JTpRZ6EAj4,4,0
2026-07-23,UCFFY072qzjDnmC_uA65zhQQ,7bs6ELSOGFg,1,1
2026-07-23,UCFFY072qzjDnmC_uA65zhQQ,7sIU7b-5vCA,5,0
2026-07-23,UCFFY072qzjDnmC_uA65zhQQ,8P-YiIGlBjE,4,0
2026-07-23,UCFFY072qzjDnmC_uA65zhQQ,9qhfAvXGR1U,1,0
2026-07-23,UCFFY072qzjDnmC_uA65zhQQ,AJmfMOm5Sls,18,0.055555555555555552
2026-07-23,UCFFY072qzjDnmC_uA65zhQQ,BTCe24GOWqk,17,0.058823529411764705
2026-07-23,UCFFY072qzjDnmC_uA65zhQQ,BbOIL8iN8Xs,1,0
2026-07-23,UCFFY072qzjDnmC_uA65zhQQ,BvnWdTTwSys,6,0
2026-07-23,UCFFY072qzjDnmC_uA65zhQQ,CVCUMNF_koE,2,0
2026-07-23,UCFFY072qzjDnmC_uA65zhQQ,DIhEv0TjUkY,4,0
2026-07-23,UCFFY072qzjDnmC_uA65zhQQ,EPazhvJ7Jd0,2,0
2026-07-23,UCFFY072qzjDnmC_uA65zhQQ,EXv89Z4tXZ0,17,0
2026-07-23,UCFFY072qzjDnmC_uA65zhQQ,EwkXAwTL_QI,1,0
2026-07-23,UCFFY072qzjDnmC_uA65zhQQ,FQHJqEfpZz8,10,0.1
2026-07-23,UCFFY072qzjDnmC_uA65zhQQ,FZazL5XS_fw,5,0
2026-07-23,UCFFY072qzjDnmC_uA65zhQQ,FdWxDjGBIM4,22,0.045454545454545456
2026-07-23,UCFFY072qzjDnmC_uA65zhQQ,GNVK5JQjXos,1,0
2026-07-23,UCFFY072qzjDnmC_uA65zhQQ,Gp0dyrxdI_0,14,0.071428571428571425
2026-07-23,UCFFY072qzjDnmC_uA65zhQQ,IaCjWJ3vy48,31,0.12903225806451613
2026-07-23,UCFFY072qzjDnmC_uA65zhQQ,IvAkc1fwzUc,13,0
2026-07-23,UCFFY072qzjDnmC_uA65zhQQ,J85xwjbTMgQ,4,0
2026-07-23,UCFFY072qzjDnmC_uA65zhQQ,Klivqn7VoxY,6,0.16666666666666666
2026-07-23,UCFFY072qzjDnmC_uA65zhQQ,KoVVQ_ay2Vg,1,1
2026-07-23,UCFFY072qzjDnmC_uA65zhQQ,LLXlFny9jYc,3,0
2026-07-23,UCFFY072qzjDnmC_uA65zhQQ,M64uEXXFdF8,12,0
2026-07-23,UCFFY072qzjDnmC_uA65zhQQ,NH01AGqUk98,1,0
2026-07-23,UCFFY072qzjDnmC_uA65zhQQ,PGZEUuam-rA,9,0.1111111111111111
2026-07-23,UCFFY072qzjDnmC_uA65zhQQ,Q__n0KC548c,15,0
2026-07-23,UCFFY072qzjDnmC_uA65zhQQ,QhRgPOmgBDU,5,0
2026-07-23,UCFFY072qzjDnmC_uA65zhQQ,RGVNMIv9NeA,10,0
2026-07-23,UCFFY072qzjDnmC_uA65zhQQ,RR9mLs5RgtA,1,0
2026-07-23,UCFFY072qzjDnmC_uA65zhQQ,SPCRzy8PD3M,25,0.04
2026-07-23,UCFFY072qzjDnmC_uA65zhQQ,UffIvNL8fLg,8,0
2026-07-23,UCFFY072qzjDnmC_uA65zhQQ,VYcynJqnsyU,12,0.083333333333333329
2026-07-23,UCFFY072qzjDnmC_uA65zhQQ,WpAYWow2Yuw,3,0
2026-07-23,UCFFY072qzjDnmC_uA65zhQQ,XD8tgLIwHvQ,5,0
2026-07-23,UCFFY072qzjDnmC_uA65zhQQ,YWrjNeKZBR8,115,0.11304347826086956
2026-07-23,UCFFY072qzjDnmC_uA65zhQQ,Z4tzAXpPz0s,48,0.10416666666666667
2026-07-23,UCFFY072qzjDnmC_uA65zhQQ,ZsiHzy2w60o,50,0.04
2026-07-23,UCFFY072qzjDnmC_uA65zhQQ,_3EAZlSh5zM,2,0
2026-07-23,UCFFY072qzjDnmC_uA65zhQQ,_mj3H2RN7Eg,2,0
2026-07-23,UCFFY072qzjDnmC_uA65zhQQ,aAso_jiDQhQ,12,0
2026-07-23,UCFFY072qzjDnmC_uA65zhQQ,b5judqdZ4eI,195,0.082051282051282051
2026-07-23,UCFFY072qzjDnmC_uA65zhQQ,bU-TYOpKgaQ,6,0
2026-07-23,UCFFY072qzjDnmC_uA65zhQQ,dR6SIFXqyLA,4,0
2026-07-23,UCFFY072qzjDnmC_uA65zhQQ,f3GFgdZYHG4,8,0
2026-07-23,UCFFY072qzjDnmC_uA65zhQQ,fGezis2rjZA,15,0
2026-07-23,UCFFY072qzjDnmC_uA65zhQQ,f_G_acY5Jt4,4,0
2026-07-23,UCFFY072qzjDnmC_uA65zhQQ,gLUZAvea2oc,1,0
2026-07-23,UCFFY072qzjDnmC_uA65zhQQ,h2mcGEc0hcY,34,0.029411764705882353
2026-07-23,UCFFY072qzjDnmC_uA65zhQQ,hudmiFcA57A,2,0
2026-07-23,UCFFY072qzjDnmC_uA65zhQQ,j2uFT1pKGPE,8,0
2026-07-23,UCFFY072qzjDnmC_uA65zhQQ,kWtTpnW-uW0,2,0
2026-07-23,UCFFY072qzjDnmC_uA65zhQQ,l6jdNIJF3CQ,4,0
2026-07-23,UCFFY072qzjDnmC_uA65zhQQ,mF_kzkE7IJ4,11,0.090909090909090912
2026-07-23,UCFFY072qzjDnmC_uA65zhQQ,mbAcnZ8BqBY,19,0.052631578947368418
2026-07-23,UCFFY072qzjDnmC_uA65zhQQ,nOBtQ8KqMLY,15,0
2026-07-23,UCFFY072qzjDnmC_uA65zhQQ,oI_yFGUHZY0,6,0
2026-07-23,UCFFY072qzjDnmC_uA65zhQQ,of-AvGSADq8,23,0.043478260869565216
2026-07-23,UCFFY072qzjDnmC_uA65zhQQ,pHK8uMvoDT4,30,0.1
2026-07-23,UCFFY072qzjDnmC_uA65zhQQ,pHU3663gH1I,1,1
2026-07-23,UCFFY072qzjDnmC_uA65zhQQ,pyv1_pwtQg4,6,0.16666666666666666
2026-07-23,UCFFY072qzjDnmC_uA65zhQQ,q1uDScvMQfg,7,0
2026-07-23,UCFFY072qzjDnmC_uA65zhQQ,qTIkvUR_ysc,7,0
2026-07-23,UCFFY072qzjDnmC_uA65zhQQ,qvWP9uPmD-Y,28,0
2026-07-23,UCFFY072qzjDnmC_uA65zhQQ,rAAA7glPy5o,1,0
2026-07-23,UCFFY072qzjDnmC_uA65zhQQ,rSpIRpNrtto,13,0.15384615384615385
2026-07-23,UCFFY072qzjDnmC_uA65zhQQ,ss_JrKiSyZw,11,0.36363636363636365
2026-07-23,UCFFY072qzjDnmC_uA65zhQQ,taTgfz1dUAc,7,0.14285714285714285
2026-07-23,UCFFY072qzjDnmC_uA65zhQQ,uULJgUopqWE,6,0
2026-07-23,UCFFY072qzjDnmC_uA65zhQQ,vD5KR4XrkLk,10,0
2026-07-23,UCFFY072qzjDnmC_uA65zhQQ,y5HbBNKzJ0c,1,0
2026-07-23,UCFFY072qzjDnmC_uA65zhQQ,yB05q6bx2eI,10,0.1
2026-07-23,UCFFY072qzjDnmC_uA65zhQQ,yF5ucLxQLsU,7,0
2026-07-23,UCFFY072qzjDnmC_uA65zhQQ,yz_uWHlsIF8,4,0
2026-07-24,UCFFY072qzjDnmC_uA65zhQQ,-7RNcKxLsWc,3,0.33333333333333331
2026-07-24,UCFFY072qzjDnmC_uA65zhQQ,-KMuetmIAs0,3,0
2026-07-24,UCFFY072qzjDnmC_uA65zhQQ,0ZIO4anzY5I,20,0.1
2026-07-24,UCFFY072qzjDnmC_uA65zhQQ,1C8YIiELECI,2,0
2026-07-24,UCFFY072qzjDnmC_uA65zhQQ,1XNo0hTd1Kc,19,0.052631578947368418
2026-07-24,UCFFY072qzjDnmC_uA65zhQQ,3s24LgNa3B0,20,0.15
2026-07-24,UCFFY072qzjDnmC_uA65zhQQ,4h2g5wBWqI4,337,0.044510385756676561
2026-07-24,UCFFY072qzjDnmC_uA65zhQQ,4sxqdyUBRsI,1,0
2026-07-24,UCFFY072qzjDnmC_uA65zhQQ,6LlydS0_23w,9,0
2026-07-24,UCFFY072qzjDnmC_uA65zhQQ,744vAmBXikY,57,0.070175438596491224
2026-07-24,UCFFY072qzjDnmC_uA65zhQQ,7JTpRZ6EAj4,8,0
2026-07-24,UCFFY072qzjDnmC_uA65zhQQ,7bs6ELSOGFg,1,0
2026-07-24,UCFFY072qzjDnmC_uA65zhQQ,7sIU7b-5vCA,1,0
2026-07-24,UCFFY072qzjDnmC_uA65zhQQ,8P-YiIGlBjE,10,0.1
2026-07-24,UCFFY072qzjDnmC_uA65zhQQ,9qhfAvXGR1U,1,0
2026-07-24,UCFFY072qzjDnmC_uA65zhQQ,AJmfMOm5Sls,15,0.066666666666666666
2026-07-24,UCFFY072qzjDnmC_uA65zhQQ,BTCe24GOWqk,17,0.11764705882352941
2026-07-24,UCFFY072qzjDnmC_uA65zhQQ,BuNbDIm2ieg,3,0
2026-07-24,UCFFY072qzjDnmC_uA65zhQQ,BvnWdTTwSys,3,0
2026-07-24,UCFFY072qzjDnmC_uA65zhQQ,CVCUMNF_koE,1,0
2026-07-24,UCFFY072qzjDnmC_uA65zhQQ,DIhEv0TjUkY,4,0
2026-07-24,UCFFY072qzjDnmC_uA65zhQQ,EXv89Z4tXZ0,16,0
2026-07-24,UCFFY072qzjDnmC_uA65zhQQ,FQHJqEfpZz8,15,0.2
2026-07-24,UCFFY072qzjDnmC_uA65zhQQ,FdWxDjGBIM4,21,0.047619047619047616
2026-07-24,UCFFY072qzjDnmC_uA65zhQQ,GNVK5JQjXos,5,0.2
2026-07-24,UCFFY072qzjDnmC_uA65zhQQ,Gp0dyrxdI_0,16,0
2026-07-24,UCFFY072qzjDnmC_uA65zhQQ,IaCjWJ3vy48,37,0.10810810810810811
2026-07-24,UCFFY072qzjDnmC_uA65zhQQ,IvAkc1fwzUc,13,0
2026-07-24,UCFFY072qzjDnmC_uA65zhQQ,J85xwjbTMgQ,7,0
2026-07-24,UCFFY072qzjDnmC_uA65zhQQ,Jlc-Jtd81o0,1,0
2026-07-24,UCFFY072qzjDnmC_uA65zhQQ,Klivqn7VoxY,5,0.2
2026-07-24,UCFFY072qzjDnmC_uA65zhQQ,LLXlFny9jYc,5,0
2026-07-24,UCFFY072qzjDnmC_uA65zhQQ,M64uEXXFdF8,21,0.047619047619047616
2026-07-24,UCFFY072qzjDnmC_uA65zhQQ,PGZEUuam-rA,16,0
2026-07-24,UCFFY072qzjDnmC_uA65zhQQ,Q__n0KC548c,10,0.1
2026-07-24,UCFFY072qzjDnmC_uA65zhQQ,QhRgPOmgBDU,6,0
2026-07-24,UCFFY072qzjDnmC_uA65zhQQ,RGVNMIv9NeA,7,0
2026-07-24,UCFFY072qzjDnmC_uA65zhQQ,RR9mLs5RgtA,2,0
2026-07-24,UCFFY072qzjDnmC_uA65zhQQ,SPCRzy8PD3M,9,0.1111111111111111
2026-07-24,UCFFY072qzjDnmC_uA65zhQQ,UffIvNL8fLg,12,0
2026-07-24,UCFFY072qzjDnmC_uA65zhQQ,VYcynJqnsyU,9,0.1111111111111111
2026-07-24,UCFFY072qzjDnmC_uA65zhQQ,WpAYWow2Yuw,3,0
2026-07-24,UCFFY072qzjDnmC_uA65zhQQ,XD8tgLIwHvQ,2,0
2026-07-24,UCFFY072qzjDnmC_uA65zhQQ,YWrjNeKZBR8,70,0.12857142857142856
2026-07-24,UCFFY072qzjDnmC_uA65zhQQ,Z4tzAXpPz0s,57,0.035087719298245612
2026-07-24,UCFFY072qzjDnmC_uA65zhQQ,ZsiHzy2w60o,656,0.028963414634146343
2026-07-24,UCFFY072qzjDnmC_uA65zhQQ,ZzIrT1d2m4g,4,0.25
2026-07-24,UCFFY072qzjDnmC_uA65zhQQ,_3EAZlSh5zM,18,0.055555555555555552
2026-07-24,UCFFY072qzjDnmC_uA65zhQQ,_mj3H2RN7Eg,11,0
2026-07-24,UCFFY072qzjDnmC_uA65zhQQ,aAso_jiDQhQ,11,0
2026-07-24,UCFFY072qzjDnmC_uA65zhQQ,b5judqdZ4eI,244,0.053278688524590161
2026-07-24,UCFFY072qzjDnmC_uA65zhQQ,bU-TYOpKgaQ,11,0
2026-07-24,UCFFY072qzjDnmC_uA65zhQQ,dR6SIFXqyLA,1,0
2026-07-24,UCFFY072qzjDnmC_uA65zhQQ,eGedfjRrI5w,1,0
2026-07-24,UCFFY072qzjDnmC_uA65zhQQ,eH1CndEyHrc,1,0
2026-07-24,UCFFY072qzjDnmC_uA65zhQQ,f_G_acY5Jt4,2,0
2026-07-24,UCFFY072qzjDnmC_uA65zhQQ,h2mcGEc0hcY,21,0.14285714285714285
2026-07-24,UCFFY072qzjDnmC_uA65zhQQ,j2uFT1pKGPE,13,0
2026-07-24,UCFFY072qzjDnmC_uA65zhQQ,j7xlFldh4gM,2,0
2026-07-24,UCFFY072qzjDnmC_uA65zhQQ,kWtTpnW-uW0,5,0
2026-07-24,UCFFY072qzjDnmC_uA65zhQQ,l6jdNIJF3CQ,1,0
2026-07-24,UCFFY072qzjDnmC_uA65zhQQ,mF_kzkE7IJ4,17,0.17647058823529413
2026-07-24,UCFFY072qzjDnmC_uA65zhQQ,mbAcnZ8BqBY,10,0
2026-07-24,UCFFY072qzjDnmC_uA65zhQQ,nOBtQ8KqMLY,19,0.052631578947368418
2026-07-24,UCFFY072qzjDnmC_uA65zhQQ,of-AvGSADq8,24,0.041666666666666664
2026-07-24,UCFFY072qzjDnmC_uA65zhQQ,pHK8uMvoDT4,15,0
2026-07-24,UCFFY072qzjDnmC_uA65zhQQ,pyv1_pwtQg4,13,0.076923076923076927
2026-07-24,UCFFY072qzjDnmC_uA65zhQQ,q1uDScvMQfg,6,0
2026-07-24,UCFFY072qzjDnmC_uA65zhQQ,qTIkvUR_ysc,6,0.16666666666666666
2026-07-24,UCFFY072qzjDnmC_uA65zhQQ,qvWP9uPmD-Y,15,0
2026-07-24,UCFFY072qzjDnmC_uA65zhQQ,rSpIRpNrtto,4,0.25
2026-07-24,UCFFY072qzjDnmC_uA65zhQQ,ss_JrKiSyZw,5,0
2026-07-24,UCFFY072qzjDnmC_uA65zhQQ,taTgfz1dUAc,1,0
2026-07-24,UCFFY072qzjDnmC_uA65zhQQ,uULJgUopqWE,2,0
2026-07-24,UCFFY072qzjDnmC_uA65zhQQ,vD5KR4XrkLk,12,0
2026-07-24,UCFFY072qzjDnmC_uA65zhQQ,wezZH8qpWyY,1,0
2026-07-24,UCFFY072qzjDnmC_uA65zhQQ,y5HbBNKzJ0c,2,0
2026-07-24,UCFFY072qzjDnmC_uA65zhQQ,yB05q6bx2eI,8,0
2026-07-24,UCFFY072qzjDnmC_uA65zhQQ,yz_uWHlsIF8,5,0
2026-07-25,UCFFY072qzjDnmC_uA65zhQQ,-7RNcKxLsWc,32,0.1875
2026-07-25,UCFFY072qzjDnmC_uA65zhQQ,-KMuetmIAs0,2,0
2026-07-25,UCFFY072qzjDnmC_uA65zhQQ,-qTAD9VNJHg,1,0
2026-07-25,UCFFY072qzjDnmC_uA65zhQQ,0ZIO4anzY5I,27,0
2026-07-25,UCFFY072qzjDnmC_uA65zhQQ,0rhTdpz0Jyc,1,0
2026-07-25,UCFFY072qzjDnmC_uA65zhQQ,1C8YIiELECI,7,0
2026-07-25,UCFFY072qzjDnmC_uA65zhQQ,1XNo0hTd1Kc,17,0
2026-07-25,UCFFY072qzjDnmC_uA65zhQQ,2x5xGIWsYec,1,0
2026-07-25,UCFFY072qzjDnmC_uA65zhQQ,3s24LgNa3B0,16,0.0625
2026-07-25,UCFFY072qzjDnmC_uA65zhQQ,4h2g5wBWqI4,1713,0.038528896672504379
2026-07-25,UCFFY072qzjDnmC_uA65zhQQ,4sxqdyUBRsI,4,0.25
2026-07-25,UCFFY072qzjDnmC_uA65zhQQ,6LlydS0_23w,9,0
2026-07-25,UCFFY072qzjDnmC_uA65zhQQ,744vAmBXikY,27,0.1111111111111111
2026-07-25,UCFFY072qzjDnmC_uA65zhQQ,7JTpRZ6EAj4,9,0
2026-07-25,UCFFY072qzjDnmC_uA65zhQQ,7bs6ELSOGFg,3,0.33333333333333331
2026-07-25,UCFFY072qzjDnmC_uA65zhQQ,7sIU7b-5vCA,2,0
2026-07-25,UCFFY072qzjDnmC_uA65zhQQ,8P-YiIGlBjE,11,0
2026-07-25,UCFFY072qzjDnmC_uA65zhQQ,9qhfAvXGR1U,2,0
2026-07-25,UCFFY072qzjDnmC_uA65zhQQ,AJmfMOm5Sls,14,0
2026-07-25,UCFFY072qzjDnmC_uA65zhQQ,BTCe24GOWqk,19,0.052631578947368418
2026-07-25,UCFFY072qzjDnmC_uA65zhQQ,BuNbDIm2ieg,5,0
2026-07-25,UCFFY072qzjDnmC_uA65zhQQ,BvnWdTTwSys,5,0.2
2026-07-25,UCFFY072qzjDnmC_uA65zhQQ,CVCUMNF_koE,4,0
2026-07-25,UCFFY072qzjDnmC_uA65zhQQ,DIhEv0TjUkY,7,0
2026-07-25,UCFFY072qzjDnmC_uA65zhQQ,EPazhvJ7Jd0,3,0
2026-07-25,UCFFY072qzjDnmC_uA65zhQQ,EXv89Z4tXZ0,14,0.14285714285714285
2026-07-25,UCFFY072qzjDnmC_uA65zhQQ,EwkXAwTL_QI,1,0
2026-07-25,UCFFY072qzjDnmC_uA65zhQQ,FQHJqEfpZz8,11,0.090909090909090912
2026-07-25,UCFFY072qzjDnmC_uA65zhQQ,FZazL5XS_fw,4,0
2026-07-25,UCFFY072qzjDnmC_uA65zhQQ,FdWxDjGBIM4,17,0
2026-07-25,UCFFY072qzjDnmC_uA65zhQQ,GNVK5JQjXos,4,0
2026-07-25,UCFFY072qzjDnmC_uA65zhQQ,Gp0dyrxdI_0,14,0
2026-07-25,UCFFY072qzjDnmC_uA65zhQQ,IaCjWJ3vy48,50,0.1
2026-07-25,UCFFY072qzjDnmC_uA65zhQQ,IvAkc1fwzUc,10,0
2026-07-25,UCFFY072qzjDnmC_uA65zhQQ,J85xwjbTMgQ,1,0
2026-07-25,UCFFY072qzjDnmC_uA65zhQQ,Jlc-Jtd81o0,1,0
2026-07-25,UCFFY072qzjDnmC_uA65zhQQ,Klivqn7VoxY,7,0.14285714285714285
2026-07-25,UCFFY072qzjDnmC_uA65zhQQ,LLXlFny9jYc,3,0
2026-07-25,UCFFY072qzjDnmC_uA65zhQQ,M64uEXXFdF8,25,0.04
2026-07-25,UCFFY072qzjDnmC_uA65zhQQ,NH01AGqUk98,2,0
2026-07-25,UCFFY072qzjDnmC_uA65zhQQ,PGZEUuam-rA,18,0.055555555555555552
2026-07-25,UCFFY072qzjDnmC_uA65zhQQ,Q__n0KC548c,8,0
2026-07-25,UCFFY072qzjDnmC_uA65zhQQ,QhRgPOmgBDU,7,0.14285714285714285
2026-07-25,UCFFY072qzjDnmC_uA65zhQQ,RGVNMIv9NeA,10,0
2026-07-25,UCFFY072qzjDnmC_uA65zhQQ,RR9mLs5RgtA,2,0
2026-07-25,UCFFY072qzjDnmC_uA65zhQQ,SPCRzy8PD3M,17,0.17647058823529413
2026-07-25,UCFFY072qzjDnmC_uA65zhQQ,UffIvNL8fLg,7,0
2026-07-25,UCFFY072qzjDnmC_uA65zhQQ,VYcynJqnsyU,1,1
2026-07-25,UCFFY072qzjDnmC_uA65zhQQ,WpAYWow2Yuw,3,0.33333333333333331
2026-07-25,UCFFY072qzjDnmC_uA65zhQQ,XD8tgLIwHvQ,4,0
2026-07-25,UCFFY072qzjDnmC_uA65zhQQ,YWrjNeKZBR8,51,0.0392156862745098
2026-07-25,UCFFY072qzjDnmC_uA65zhQQ,Z4tzAXpPz0s,39,0.05128205128205128
2026-07-25,UCFFY072qzjDnmC_uA65zhQQ,ZsiHzy2w60o,351,0.0028490028490028491
2026-07-25,UCFFY072qzjDnmC_uA65zhQQ,_3EAZlSh5zM,15,0
2026-07-25,UCFFY072qzjDnmC_uA65zhQQ,_mj3H2RN7Eg,13,0
2026-07-25,UCFFY072qzjDnmC_uA65zhQQ,aAso_jiDQhQ,19,0.052631578947368418
2026-07-25,UCFFY072qzjDnmC_uA65zhQQ,b5judqdZ4eI,158,0.056962025316455694
2026-07-25,UCFFY072qzjDnmC_uA65zhQQ,bU-TYOpKgaQ,5,0.2
2026-07-25,UCFFY072qzjDnmC_uA65zhQQ,cuI3UY3v3gI,1,0
2026-07-25,UCFFY072qzjDnmC_uA65zhQQ,dR6SIFXqyLA,9,0.22222222222222221
2026-07-25,UCFFY072qzjDnmC_uA65zhQQ,f2T5LyFvhBM,1,0
2026-07-25,UCFFY072qzjDnmC_uA65zhQQ,f3GFgdZYHG4,7,0.14285714285714285
2026-07-25,UCFFY072qzjDnmC_uA65zhQQ,fGezis2rjZA,5,0
2026-07-25,UCFFY072qzjDnmC_uA65zhQQ,f_G_acY5Jt4,2,0
2026-07-25,UCFFY072qzjDnmC_uA65zhQQ,h2mcGEc0hcY,19,0
2026-07-25,UCFFY072qzjDnmC_uA65zhQQ,j2uFT1pKGPE,11,0
2026-07-25,UCFFY072qzjDnmC_uA65zhQQ,jW3y87r-g8k,1,0
2026-07-25,UCFFY072qzjDnmC_uA65zhQQ,kWtTpnW-uW0,14,0.14285714285714285
2026-07-25,UCFFY072qzjDnmC_uA65zhQQ,l6jdNIJF3CQ,4,0
2026-07-25,UCFFY072qzjDnmC_uA65zhQQ,mF_kzkE7IJ4,14,0.14285714285714285
2026-07-25,UCFFY072qzjDnmC_uA65zhQQ,mbAcnZ8BqBY,5,0.2
2026-07-25,UCFFY072qzjDnmC_uA65zhQQ,nOBtQ8KqMLY,17,0
2026-07-25,UCFFY072qzjDnmC_uA65zhQQ,oI_yFGUHZY0,3,0
2026-07-25,UCFFY072qzjDnmC_uA65zhQQ,of-AvGSADq8,19,0
2026-07-25,UCFFY072qzjDnmC_uA65zhQQ,pHK8uMvoDT4,18,0.16666666666666666
2026-07-25,UCFFY072qzjDnmC_uA65zhQQ,pHU3663gH1I,5,0
2026-07-25,UCFFY072qzjDnmC_uA65zhQQ,pyv1_pwtQg4,3,0
2026-07-25,UCFFY072qzjDnmC_uA65zhQQ,q1uDScvMQfg,6,0
2026-07-25,UCFFY072qzjDnmC_uA65zhQQ,qTIkvUR_ysc,2,0
2026-07-25,UCFFY072qzjDnmC_uA65zhQQ,qvWP9uPmD-Y,21,0
2026-07-25,UCFFY072qzjDnmC_uA65zhQQ,rSpIRpNrtto,5,0
2026-07-25,UCFFY072qzjDnmC_uA65zhQQ,ss_JrKiSyZw,7,0
2026-07-25,UCFFY072qzjDnmC_uA65zhQQ,taTgfz1dUAc,3,0
2026-07-25,UCFFY072qzjDnmC_uA65zhQQ,vD5KR4XrkLk,13,0.15384615384615385
2026-07-25,UCFFY072qzjDnmC_uA65zhQQ,xEkmwt0UHYs,1,0
2026-07-25,UCFFY072qzjDnmC_uA65zhQQ,y5HbBNKzJ0c,2,0
2026-07-25,UCFFY072qzjDnmC_uA65zhQQ,yB05q6bx2eI,12,0.083333333333333329
2026-07-25,UCFFY072qzjDnmC_uA65zhQQ,yF5ucLxQLsU,3,0
2026-07-25,UCFFY072qzjDnmC_uA65zhQQ,yz_uWHlsIF8,7,0
2026-07-26,UCFFY072qzjDnmC_uA65zhQQ,-7RNcKxLsWc,17,0.35294117647058826
2026-07-26,UCFFY072qzjDnmC_uA65zhQQ,-KMuetmIAs0,8,0
2026-07-26,UCFFY072qzjDnmC_uA65zhQQ,0ZIO4anzY5I,11,0
2026-07-26,UCFFY072qzjDnmC_uA65zhQQ,1C8YIiELECI,1,0
2026-07-26,UCFFY072qzjDnmC_uA65zhQQ,1XNo0hTd1Kc,16,0.0625
2026-07-26,UCFFY072qzjDnmC_uA65zhQQ,3s24LgNa3B0,20,0.15
2026-07-26,UCFFY072qzjDnmC_uA65zhQQ,4h2g5wBWqI4,1416,0.040960451977401127
2026-07-26,UCFFY072qzjDnmC_uA65zhQQ,4sxqdyUBRsI,1,0
2026-07-26,UCFFY072qzjDnmC_uA65zhQQ,5PsaPj_z7ts,2,0
2026-07-26,UCFFY072qzjDnmC_uA65zhQQ,6LlydS0_23w,6,0
2026-07-26,UCFFY072qzjDnmC_uA65zhQQ,744vAmBXikY,26,0.076923076923076927
2026-07-26,UCFFY072qzjDnmC_uA65zhQQ,7JTpRZ6EAj4,11,0.090909090909090912
2026-07-26,UCFFY072qzjDnmC_uA65zhQQ,7sIU7b-5vCA,3,0
2026-07-26,UCFFY072qzjDnmC_uA65zhQQ,8P-YiIGlBjE,9,0.1111111111111111
2026-07-26,UCFFY072qzjDnmC_uA65zhQQ,AJmfMOm5Sls,5,0.2
2026-07-26,UCFFY072qzjDnmC_uA65zhQQ,BTCe24GOWqk,7,0
2026-07-26,UCFFY072qzjDnmC_uA65zhQQ,BuNbDIm2ieg,3,0.33333333333333331
2026-07-26,UCFFY072qzjDnmC_uA65zhQQ,BvnWdTTwSys,4,0
2026-07-26,UCFFY072qzjDnmC_uA65zhQQ,CVCUMNF_koE,1,0
2026-07-26,UCFFY072qzjDnmC_uA65zhQQ,DIhEv0TjUkY,12,0.083333333333333329
2026-07-26,UCFFY072qzjDnmC_uA65zhQQ,EPazhvJ7Jd0,3,0.33333333333333331
2026-07-26,UCFFY072qzjDnmC_uA65zhQQ,EXv89Z4tXZ0,19,0.15789473684210525
2026-07-26,UCFFY072qzjDnmC_uA65zhQQ,EwkXAwTL_QI,1,0
2026-07-26,UCFFY072qzjDnmC_uA65zhQQ,FQHJqEfpZz8,19,0.21052631578947367
2026-07-26,UCFFY072qzjDnmC_uA65zhQQ,FZazL5XS_fw,1,0
2026-07-26,UCFFY072qzjDnmC_uA65zhQQ,FdWxDjGBIM4,7,0
2026-07-26,UCFFY072qzjDnmC_uA65zhQQ,GNVK5JQjXos,4,0
2026-07-26,UCFFY072qzjDnmC_uA65zhQQ,Gp0dyrxdI_0,10,0
2026-07-26,UCFFY072qzjDnmC_uA65zhQQ,IaCjWJ3vy48,28,0.10714285714285714
2026-07-26,UCFFY072qzjDnmC_uA65zhQQ,IvAkc1fwzUc,9,0
2026-07-26,UCFFY072qzjDnmC_uA65zhQQ,J85xwjbTMgQ,2,0
2026-07-26,UCFFY072qzjDnmC_uA65zhQQ,Jlc-Jtd81o0,2,0
2026-07-26,UCFFY072qzjDnmC_uA65zhQQ,Klivqn7VoxY,2,0
2026-07-26,UCFFY072qzjDnmC_uA65zhQQ,LLXlFny9jYc,6,0
2026-07-26,UCFFY072qzjDnmC_uA65zhQQ,M64uEXXFdF8,19,0
2026-07-26,UCFFY072qzjDnmC_uA65zhQQ,NH01AGqUk98,3,0
2026-07-26,UCFFY072qzjDnmC_uA65zhQQ,PGZEUuam-rA,10,0
2026-07-26,UCFFY072qzjDnmC_uA65zhQQ,Q__n0KC548c,8,0
2026-07-26,UCFFY072qzjDnmC_uA65zhQQ,QhRgPOmgBDU,7,0.14285714285714285
2026-07-26,UCFFY072qzjDnmC_uA65zhQQ,RGVNMIv9NeA,5,0
2026-07-26,UCFFY072qzjDnmC_uA65zhQQ,RR9mLs5RgtA,5,0
2026-07-26,UCFFY072qzjDnmC_uA65zhQQ,SPCRzy8PD3M,32,0.0625
2026-07-26,UCFFY072qzjDnmC_uA65zhQQ,UffIvNL8fLg,3,0
2026-07-26,UCFFY072qzjDnmC_uA65zhQQ,VYcynJqnsyU,4,0.25
2026-07-26,UCFFY072qzjDnmC_uA65zhQQ,WpAYWow2Yuw,6,0.16666666666666666
2026-07-26,UCFFY072qzjDnmC_uA65zhQQ,XD8tgLIwHvQ,4,0
2026-07-26,UCFFY072qzjDnmC_uA65zhQQ,YWrjNeKZBR8,77,0.14285714285714285
2026-07-26,UCFFY072qzjDnmC_uA65zhQQ,Z4tzAXpPz0s,35,0.057142857142857141
2026-07-26,UCFFY072qzjDnmC_uA65zhQQ,ZsiHzy2w60o,14,0.14285714285714285
2026-07-26,UCFFY072qzjDnmC_uA65zhQQ,ZzIrT1d2m4g,1,0
2026-07-26,UCFFY072qzjDnmC_uA65zhQQ,_3EAZlSh5zM,10,0
2026-07-26,UCFFY072qzjDnmC_uA65zhQQ,_mj3H2RN7Eg,3,0
2026-07-26,UCFFY072qzjDnmC_uA65zhQQ,aAso_jiDQhQ,10,0
2026-07-26,UCFFY072qzjDnmC_uA65zhQQ,b5judqdZ4eI,109,0.055045871559633031
2026-07-26,UCFFY072qzjDnmC_uA65zhQQ,bU-TYOpKgaQ,2,0
2026-07-26,UCFFY072qzjDnmC_uA65zhQQ,dR6SIFXqyLA,5,0
2026-07-26,UCFFY072qzjDnmC_uA65zhQQ,f2T5LyFvhBM,1,0
2026-07-26,UCFFY072qzjDnmC_uA65zhQQ,f3GFgdZYHG4,2,0
2026-07-26,UCFFY072qzjDnmC_uA65zhQQ,fGezis2rjZA,4,0
2026-07-26,UCFFY072qzjDnmC_uA65zhQQ,f_G_acY5Jt4,13,0.076923076923076927
2026-07-26,UCFFY072qzjDnmC_uA65zhQQ,h2mcGEc0hcY,18,0.1111111111111111
2026-07-26,UCFFY072qzjDnmC_uA65zhQQ,j2uFT1pKGPE,11,0
2026-07-26,UCFFY072qzjDnmC_uA65zhQQ,j7xlFldh4gM,1,0
2026-07-26,UCFFY072qzjDnmC_uA65zhQQ,jW3y87r-g8k,1,0
2026-07-26,UCFFY072qzjDnmC_uA65zhQQ,kWtTpnW-uW0,4,0.25
2026-07-26,UCFFY072qzjDnmC_uA65zhQQ,l6jdNIJF3CQ,2,0
2026-07-26,UCFFY072qzjDnmC_uA65zhQQ,lNqMWsD057k,2,0
2026-07-26,UCFFY072qzjDnmC_uA65zhQQ,mF_kzkE7IJ4,16,0
2026-07-26,UCFFY072qzjDnmC_uA65zhQQ,mbAcnZ8BqBY,13,0
2026-07-26,UCFFY072qzjDnmC_uA65zhQQ,nOBtQ8KqMLY,31,0.0967741935483871
2026-07-26,UCFFY072qzjDnmC_uA65zhQQ,oI_yFGUHZY0,7,0
2026-07-26,UCFFY072qzjDnmC_uA65zhQQ,of-AvGSADq8,39,0.02564102564102564
2026-07-26,UCFFY072qzjDnmC_uA65zhQQ,pHK8uMvoDT4,30,0.2
2026-07-26,UCFFY072qzjDnmC_uA65zhQQ,pHU3663gH1I,4,0
2026-07-26,UCFFY072qzjDnmC_uA65zhQQ,pyv1_pwtQg4,9,0
2026-07-26,UCFFY072qzjDnmC_uA65zhQQ,q1uDScvMQfg,3,0
2026-07-26,UCFFY072qzjDnmC_uA65zhQQ,qTIkvUR_ysc,3,0
2026-07-26,UCFFY072qzjDnmC_uA65zhQQ,qvWP9uPmD-Y,13,0.076923076923076927
2026-07-26,UCFFY072qzjDnmC_uA65zhQQ,rAAA7glPy5o,2,0
2026-07-26,UCFFY072qzjDnmC_uA65zhQQ,rSpIRpNrtto,15,0.066666666666666666
2026-07-26,UCFFY072qzjDnmC_uA65zhQQ,ss_JrKiSyZw,5,0
2026-07-26,UCFFY072qzjDnmC_uA65zhQQ,taTgfz1dUAc,6,0
2026-07-26,UCFFY072qzjDnmC_uA65zhQQ,uULJgUopqWE,6,0
2026-07-26,UCFFY072qzjDnmC_uA65zhQQ,vD5KR4XrkLk,11,0
2026-07-26,UCFFY072qzjDnmC_uA65zhQQ,y5HbBNKzJ0c,3,0
2026-07-26,UCFFY072qzjDnmC_uA65zhQQ,yB05q6bx2eI,9,0
2026-07-26,UCFFY072qzjDnmC_uA65zhQQ,yF5ucLxQLsU,1,0
2026-07-26,UCFFY072qzjDnmC_uA65zhQQ,yz_uWHlsIF8,4,0
2026-07-27,UCFFY072qzjDnmC_uA65zhQQ,-7RNcKxLsWc,18,0.16666666666666666
2026-07-27,UCFFY072qzjDnmC_uA65zhQQ,-KMuetmIAs0,5,0.2
2026-07-27,UCFFY072qzjDnmC_uA65zhQQ,-vseQgEaQd8,1,1
2026-07-27,UCFFY072qzjDnmC_uA65zhQQ,0ZIO4anzY5I,8,0
2026-07-27,UCFFY072qzjDnmC_uA65zhQQ,1C8YIiELECI,7,0
2026-07-27,UCFFY072qzjDnmC_uA65zhQQ,1XNo0hTd1Kc,14,0.071428571428571425
2026-07-27,UCFFY072qzjDnmC_uA65zhQQ,3s24LgNa3B0,25,0.08
2026-07-27,UCFFY072qzjDnmC_uA65zhQQ,4h2g5wBWqI4,30,0
2026-07-27,UCFFY072qzjDnmC_uA65zhQQ,4sxqdyUBRsI,1,1
2026-07-27,UCFFY072qzjDnmC_uA65zhQQ,5PsaPj_z7ts,2,0
2026-07-27,UCFFY072qzjDnmC_uA65zhQQ,6LlydS0_23w,11,0.090909090909090912
2026-07-27,UCFFY072qzjDnmC_uA65zhQQ,744vAmBXikY,18,0.1111111111111111
2026-07-27,UCFFY072qzjDnmC_uA65zhQQ,7JTpRZ6EAj4,11,0.18181818181818182
2026-07-27,UCFFY072qzjDnmC_uA65zhQQ,7bs6ELSOGFg,2,0
2026-07-27,UCFFY072qzjDnmC_uA65zhQQ,8P-YiIGlBjE,10,0
2026-07-27,UCFFY072qzjDnmC_uA65zhQQ,AJmfMOm5Sls,13,0
2026-07-27,UCFFY072qzjDnmC_uA65zhQQ,BTCe24GOWqk,16,0
2026-07-27,UCFFY072qzjDnmC_uA65zhQQ,BuNbDIm2ieg,7,0
2026-07-27,UCFFY072qzjDnmC_uA65zhQQ,BvnWdTTwSys,10,0.1
2026-07-27,UCFFY072qzjDnmC_uA65zhQQ,CVCUMNF_koE,1,0
2026-07-27,UCFFY072qzjDnmC_uA65zhQQ,DIhEv0TjUkY,9,0.1111111111111111
2026-07-27,UCFFY072qzjDnmC_uA65zhQQ,EXv89Z4tXZ0,19,0.052631578947368418
2026-07-27,UCFFY072qzjDnmC_uA65zhQQ,EwkXAwTL_QI,1,0
2026-07-27,UCFFY072qzjDnmC_uA65zhQQ,FQHJqEfpZz8,7,0
2026-07-27,UCFFY072qzjDnmC_uA65zhQQ,FZazL5XS_fw,2,0
2026-07-27,UCFFY072qzjDnmC_uA65zhQQ,FdWxDjGBIM4,15,0
2026-07-27,UCFFY072qzjDnmC_uA65zhQQ,GNVK5JQjXos,7,0
2026-07-27,UCFFY072qzjDnmC_uA65zhQQ,Gp0dyrxdI_0,18,0
2026-07-27,UCFFY072qzjDnmC_uA65zhQQ,IaCjWJ3vy48,61,0.081967213114754092
2026-07-27,UCFFY072qzjDnmC_uA65zhQQ,IvAkc1fwzUc,12,0.083333333333333329
2026-07-27,UCFFY072qzjDnmC_uA65zhQQ,J85xwjbTMgQ,2,0
2026-07-27,UCFFY072qzjDnmC_uA65zhQQ,Jlc-Jtd81o0,2,0
2026-07-27,UCFFY072qzjDnmC_uA65zhQQ,Klivqn7VoxY,7,0.14285714285714285
2026-07-27,UCFFY072qzjDnmC_uA65zhQQ,KoVVQ_ay2Vg,3,0
2026-07-27,UCFFY072qzjDnmC_uA65zhQQ,LLXlFny9jYc,6,0.16666666666666666
2026-07-27,UCFFY072qzjDnmC_uA65zhQQ,M64uEXXFdF8,16,0
2026-07-27,UCFFY072qzjDnmC_uA65zhQQ,MkDw5J3auiQ,1,0
2026-07-27,UCFFY072qzjDnmC_uA65zhQQ,NH01AGqUk98,1,0
2026-07-27,UCFFY072qzjDnmC_uA65zhQQ,PGZEUuam-rA,10,0
2026-07-27,UCFFY072qzjDnmC_uA65zhQQ,Q__n0KC548c,12,0.083333333333333329
2026-07-27,UCFFY072qzjDnmC_uA65zhQQ,QhRgPOmgBDU,5,0
2026-07-27,UCFFY072qzjDnmC_uA65zhQQ,RGVNMIv9NeA,6,0
2026-07-27,UCFFY072qzjDnmC_uA65zhQQ,RR9mLs5RgtA,2,0
2026-07-27,UCFFY072qzjDnmC_uA65zhQQ,RqNhgaAulhI,2,0
2026-07-27,UCFFY072qzjDnmC_uA65zhQQ,SPCRzy8PD3M,24,0.083333333333333329
2026-07-27,UCFFY072qzjDnmC_uA65zhQQ,UffIvNL8fLg,5,0
2026-07-27,UCFFY072qzjDnmC_uA65zhQQ,VYcynJqnsyU,6,0.16666666666666666
2026-07-27,UCFFY072qzjDnmC_uA65zhQQ,WpAYWow2Yuw,6,0.16666666666666666
2026-07-27,UCFFY072qzjDnmC_uA65zhQQ,XQ-E73dLxTE,5,0
2026-07-27,UCFFY072qzjDnmC_uA65zhQQ,YWrjNeKZBR8,72,0.055555555555555552
2026-07-27,UCFFY072qzjDnmC_uA65zhQQ,YrMnQa68sQc,2,0
2026-07-27,UCFFY072qzjDnmC_uA65zhQQ,Z4tzAXpPz0s,66,0.060606060606060608
2026-07-27,UCFFY072qzjDnmC_uA65zhQQ,ZOBF9SJEjDU,2,0
2026-07-27,UCFFY072qzjDnmC_uA65zhQQ,ZsiHzy2w60o,21,0.095238095238095233
2026-07-27,UCFFY072qzjDnmC_uA65zhQQ,ZzIrT1d2m4g,1,0
2026-07-27,UCFFY072qzjDnmC_uA65zhQQ,_3EAZlSh5zM,8,0
2026-07-27,UCFFY072qzjDnmC_uA65zhQQ,_mj3H2RN7Eg,4,0
2026-07-27,UCFFY072qzjDnmC_uA65zhQQ,aAso_jiDQhQ,9,0
2026-07-27,UCFFY072qzjDnmC_uA65zhQQ,b5judqdZ4eI,112,0.053571428571428568
2026-07-27,UCFFY072qzjDnmC_uA65zhQQ,bU-TYOpKgaQ,2,0
2026-07-27,UCFFY072qzjDnmC_uA65zhQQ,cuI3UY3v3gI,3,0
2026-07-27,UCFFY072qzjDnmC_uA65zhQQ,dR6SIFXqyLA,8,0
2026-07-27,UCFFY072qzjDnmC_uA65zhQQ,e6JpvlA6f_4,106,0.0660377358490566
2026-07-27,UCFFY072qzjDnmC_uA65zhQQ,f2T5LyFvhBM,4,0
2026-07-27,UCFFY072qzjDnmC_uA65zhQQ,f3GFgdZYHG4,11,0
2026-07-27,UCFFY072qzjDnmC_uA65zhQQ,fGezis2rjZA,11,0
2026-07-27,UCFFY072qzjDnmC_uA65zhQQ,f_G_acY5Jt4,4,0
2026-07-27,UCFFY072qzjDnmC_uA65zhQQ,gLUZAvea2oc,1,0
2026-07-27,UCFFY072qzjDnmC_uA65zhQQ,h2mcGEc0hcY,30,0.033333333333333333
2026-07-27,UCFFY072qzjDnmC_uA65zhQQ,hudmiFcA57A,2,0
2026-07-27,UCFFY072qzjDnmC_uA65zhQQ,j2uFT1pKGPE,7,0
2026-07-27,UCFFY072qzjDnmC_uA65zhQQ,j7xlFldh4gM,1,0
2026-07-27,UCFFY072qzjDnmC_uA65zhQQ,kWtTpnW-uW0,5,0
2026-07-27,UCFFY072qzjDnmC_uA65zhQQ,l6jdNIJF3CQ,2,0
2026-07-27,UCFFY072qzjDnmC_uA65zhQQ,lNqMWsD057k,3,0
2026-07-27,UCFFY072qzjDnmC_uA65zhQQ,mF_kzkE7IJ4,11,0.090909090909090912
2026-07-27,UCFFY072qzjDnmC_uA65zhQQ,mbAcnZ8BqBY,9,0.1111111111111111
2026-07-27,UCFFY072qzjDnmC_uA65zhQQ,nOBtQ8KqMLY,23,0.17391304347826086
2026-07-27,UCFFY072qzjDnmC_uA65zhQQ,oI_yFGUHZY0,10,0.1
2026-07-27,UCFFY072qzjDnmC_uA65zhQQ,of-AvGSADq8,42,0
2026-07-27,UCFFY072qzjDnmC_uA65zhQQ,pHK8uMvoDT4,47,0.0851063829787234
2026-07-27,UCFFY072qzjDnmC_uA65zhQQ,pHU3663gH1I,1,0
2026-07-27,UCFFY072qzjDnmC_uA65zhQQ,pyv1_pwtQg4,2,0
2026-07-27,UCFFY072qzjDnmC_uA65zhQQ,q1uDScvMQfg,12,0
2026-07-27,UCFFY072qzjDnmC_uA65zhQQ,qTIkvUR_ysc,3,0
2026-07-27,UCFFY072qzjDnmC_uA65zhQQ,qvWP9uPmD-Y,14,0
2026-07-27,UCFFY072qzjDnmC_uA65zhQQ,rSpIRpNrtto,6,0
2026-07-27,UCFFY072qzjDnmC_uA65zhQQ,taTgfz1dUAc,3,0
2026-07-27,UCFFY072qzjDnmC_uA65zhQQ,uULJgUopqWE,6,0
2026-07-27,UCFFY072qzjDnmC_uA65zhQQ,vD5KR4XrkLk,4,0
2026-07-27,UCFFY072qzjDnmC_uA65zhQQ,y5HbBNKzJ0c,1,0
2026-07-27,UCFFY072qzjDnmC_uA65zhQQ,yB05q6bx2eI,6,0.16666666666666666
2026-07-27,UCFFY072qzjDnmC_uA65zhQQ,yF5ucLxQLsU,1,0
2026-07-27,UCFFY072qzjDnmC_uA65zhQQ,yz_uWHlsIF8,2,0
2026-07-28,UCFFY072qzjDnmC_uA65zhQQ,-7RNcKxLsWc,9,0
2026-07-28,UCFFY072qzjDnmC_uA65zhQQ,-KMuetmIAs0,3,0
2026-07-28,UCFFY072qzjDnmC_uA65zhQQ,-qTAD9VNJHg,1,0
2026-07-28,UCFFY072qzjDnmC_uA65zhQQ,-vseQgEaQd8,1,0
2026-07-28,UCFFY072qzjDnmC_uA65zhQQ,0ZIO4anzY5I,6,0
2026-07-28,UCFFY072qzjDnmC_uA65zhQQ,0rhTdpz0Jyc,1,0
2026-07-28,UCFFY072qzjDnmC_uA65zhQQ,1C8YIiELECI,4,0
2026-07-28,UCFFY072qzjDnmC_uA65zhQQ,1XNo0hTd1Kc,14,0.071428571428571425
2026-07-28,UCFFY072qzjDnmC_uA65zhQQ,2x5xGIWsYec,2,0
2026-07-28,UCFFY072qzjDnmC_uA65zhQQ,3s24LgNa3B0,7,0.2857142857142857
2026-07-28,UCFFY072qzjDnmC_uA65zhQQ,4h2g5wBWqI4,138,0.028985507246376812
2026-07-28,UCFFY072qzjDnmC_uA65zhQQ,4sxqdyUBRsI,2,0
2026-07-28,UCFFY072qzjDnmC_uA65zhQQ,5PsaPj_z7ts,1,0
2026-07-28,UCFFY072qzjDnmC_uA65zhQQ,6LlydS0_23w,7,0
2026-07-28,UCFFY072qzjDnmC_uA65zhQQ,744vAmBXikY,4,0.5
2026-07-28,UCFFY072qzjDnmC_uA65zhQQ,7JTpRZ6EAj4,8,0
2026-07-28,UCFFY072qzjDnmC_uA65zhQQ,7bs6ELSOGFg,3,0
2026-07-28,UCFFY072qzjDnmC_uA65zhQQ,7sIU7b-5vCA,2,0
2026-07-28,UCFFY072qzjDnmC_uA65zhQQ,8P-YiIGlBjE,4,0
2026-07-28,UCFFY072qzjDnmC_uA65zhQQ,9qhfAvXGR1U,3,0
2026-07-28,UCFFY072qzjDnmC_uA65zhQQ,AJmfMOm5Sls,16,0.0625
2026-07-28,UCFFY072qzjDnmC_uA65zhQQ,BTCe24GOWqk,23,0.17391304347826086
2026-07-28,UCFFY072qzjDnmC_uA65zhQQ,BuNbDIm2ieg,5,0.2
2026-07-28,UCFFY072qzjDnmC_uA65zhQQ,BvnWdTTwSys,6,0
2026-07-28,UCFFY072qzjDnmC_uA65zhQQ,CVCUMNF_koE,1,0
2026-07-28,UCFFY072qzjDnmC_uA65zhQQ,DIhEv0TjUkY,6,0
2026-07-28,UCFFY072qzjDnmC_uA65zhQQ,EPazhvJ7Jd0,1,0
2026-07-28,UCFFY072qzjDnmC_uA65zhQQ,EXv89Z4tXZ0,9,0.33333333333333331
2026-07-28,UCFFY072qzjDnmC_uA65zhQQ,EwkXAwTL_QI,1,0
2026-07-28,UCFFY072qzjDnmC_uA65zhQQ,FQHJqEfpZz8,15,0.13333333333333333
2026-07-28,UCFFY072qzjDnmC_uA65zhQQ,FZazL5XS_fw,2,0
2026-07-28,UCFFY072qzjDnmC_uA65zhQQ,FdWxDjGBIM4,8,0.125
2026-07-28,UCFFY072qzjDnmC_uA65zhQQ,Gp0dyrxdI_0,12,0
2026-07-28,UCFFY072qzjDnmC_uA65zhQQ,IaCjWJ3vy48,169,0.035502958579881658
2026-07-28,UCFFY072qzjDnmC_uA65zhQQ,IvAkc1fwzUc,7,0
2026-07-28,UCFFY072qzjDnmC_uA65zhQQ,J85xwjbTMgQ,2,0
2026-07-28,UCFFY072qzjDnmC_uA65zhQQ,Jlc-Jtd81o0,2,0
2026-07-28,UCFFY072qzjDnmC_uA65zhQQ,Klivqn7VoxY,1,0
2026-07-28,UCFFY072qzjDnmC_uA65zhQQ,KoVVQ_ay2Vg,1,0
2026-07-28,UCFFY072qzjDnmC_uA65zhQQ,LLXlFny9jYc,6,0
2026-07-28,UCFFY072qzjDnmC_uA65zhQQ,M64uEXXFdF8,38,0.052631578947368418
2026-07-28,UCFFY072qzjDnmC_uA65zhQQ,MkDw5J3auiQ,1,0
2026-07-28,UCFFY072qzjDnmC_uA65zhQQ,NH01AGqUk98,3,0
2026-07-28,UCFFY072qzjDnmC_uA65zhQQ,PGZEUuam-rA,17,0
2026-07-28,UCFFY072qzjDnmC_uA65zhQQ,Q__n0KC548c,13,0
2026-07-28,UCFFY072qzjDnmC_uA65zhQQ,QhRgPOmgBDU,1,0
2026-07-28,UCFFY072qzjDnmC_uA65zhQQ,RGVNMIv9NeA,8,0
2026-07-28,UCFFY072qzjDnmC_uA65zhQQ,RqNhgaAulhI,1,0
2026-07-28,UCFFY072qzjDnmC_uA65zhQQ,SPCRzy8PD3M,11,0
2026-07-28,UCFFY072qzjDnmC_uA65zhQQ,UffIvNL8fLg,8,0
2026-07-28,UCFFY072qzjDnmC_uA65zhQQ,VYcynJqnsyU,11,0
2026-07-28,UCFFY072qzjDnmC_uA65zhQQ,WpAYWow2Yuw,14,0.071428571428571425
2026-07-28,UCFFY072qzjDnmC_uA65zhQQ,XD8tgLIwHvQ,5,0
2026-07-28,UCFFY072qzjDnmC_uA65zhQQ,YWrjNeKZBR8,35,0.028571428571428571
2026-07-28,UCFFY072qzjDnmC_uA65zhQQ,YrMnQa68sQc,1,0
2026-07-28,UCFFY072qzjDnmC_uA65zhQQ,Z4tzAXpPz0s,47,0.063829787234042548
2026-07-28,UCFFY072qzjDnmC_uA65zhQQ,ZOBF9SJEjDU,1,0
2026-07-28,UCFFY072qzjDnmC_uA65zhQQ,ZsiHzy2w60o,8,0.125
2026-07-28,UCFFY072qzjDnmC_uA65zhQQ,ZzIrT1d2m4g,3,0
2026-07-28,UCFFY072qzjDnmC_uA65zhQQ,_3EAZlSh5zM,10,0
2026-07-28,UCFFY072qzjDnmC_uA65zhQQ,_mj3H2RN7Eg,1,0
2026-07-28,UCFFY072qzjDnmC_uA65zhQQ,aAso_jiDQhQ,25,0
2026-07-28,UCFFY072qzjDnmC_uA65zhQQ,b5judqdZ4eI,44,0.022727272727272728
2026-07-28,UCFFY072qzjDnmC_uA65zhQQ,bU-TYOpKgaQ,8,0
2026-07-28,UCFFY072qzjDnmC_uA65zhQQ,dR6SIFXqyLA,1,0
2026-07-28,UCFFY072qzjDnmC_uA65zhQQ,dTVe7fZeZbc,2320,0.021120689655172414
2026-07-28,UCFFY072qzjDnmC_uA65zhQQ,e6JpvlA6f_4,28,0.10714285714285714
2026-07-28,UCFFY072qzjDnmC_uA65zhQQ,eGedfjRrI5w,1,1
2026-07-28,UCFFY072qzjDnmC_uA65zhQQ,eH1CndEyHrc,2,0.5
2026-07-28,UCFFY072qzjDnmC_uA65zhQQ,f3GFgdZYHG4,2,0
2026-07-28,UCFFY072qzjDnmC_uA65zhQQ,fGezis2rjZA,5,0
2026-07-28,UCFFY072qzjDnmC_uA65zhQQ,f_G_acY5Jt4,4,0
2026-07-28,UCFFY072qzjDnmC_uA65zhQQ,h2mcGEc0hcY,28,0.071428571428571425
2026-07-28,UCFFY072qzjDnmC_uA65zhQQ,hudmiFcA57A,2,0
2026-07-28,UCFFY072qzjDnmC_uA65zhQQ,j2uFT1pKGPE,8,0.125
2026-07-28,UCFFY072qzjDnmC_uA65zhQQ,kWtTpnW-uW0,2,0.5
2026-07-28,UCFFY072qzjDnmC_uA65zhQQ,l6jdNIJF3CQ,7,0
2026-07-28,UCFFY072qzjDnmC_uA65zhQQ,mF_kzkE7IJ4,12,0
2026-07-28,UCFFY072qzjDnmC_uA65zhQQ,mbAcnZ8BqBY,9,0.1111111111111111
2026-07-28,UCFFY072qzjDnmC_uA65zhQQ,nOBtQ8KqMLY,10,0
2026-07-28,UCFFY072qzjDnmC_uA65zhQQ,oI_yFGUHZY0,14,0
2026-07-28,UCFFY072qzjDnmC_uA65zhQQ,of-AvGSADq8,31,0
2026-07-28,UCFFY072qzjDnmC_uA65zhQQ,pHK8uMvoDT4,35,0.028571428571428571
2026-07-28,UCFFY072qzjDnmC_uA65zhQQ,pHU3663gH1I,3,0
2026-07-28,UCFFY072qzjDnmC_uA65zhQQ,pyv1_pwtQg4,3,0
2026-07-28,UCFFY072qzjDnmC_uA65zhQQ,q1uDScvMQfg,3,0
2026-07-28,UCFFY072qzjDnmC_uA65zhQQ,qTIkvUR_ysc,8,0
2026-07-28,UCFFY072qzjDnmC_uA65zhQQ,qvWP9uPmD-Y,15,0.066666666666666666
2026-07-28,UCFFY072qzjDnmC_uA65zhQQ,rSpIRpNrtto,8,0
2026-07-28,UCFFY072qzjDnmC_uA65zhQQ,ss_JrKiSyZw,5,0
2026-07-28,UCFFY072qzjDnmC_uA65zhQQ,taTgfz1dUAc,3,0
2026-07-28,UCFFY072qzjDnmC_uA65zhQQ,uULJgUopqWE,12,0
2026-07-28,UCFFY072qzjDnmC_uA65zhQQ,vD5KR4XrkLk,9,0.1111111111111111
2026-07-28,UCFFY072qzjDnmC_uA65zhQQ,yB05q6bx2eI,11,0
2026-07-28,UCFFY072qzjDnmC_uA65zhQQ,yF5ucLxQLsU,6,0
2026-07-28,UCFFY072qzjDnmC_uA65zhQQ,yz_uWHlsIF8,2,0
2026-07-29,UCFFY072qzjDnmC_uA65zhQQ,-7RNcKxLsWc,11,0.090909090909090912
2026-07-29,UCFFY072qzjDnmC_uA65zhQQ,-KMuetmIAs0,18,0
2026-07-29,UCFFY072qzjDnmC_uA65zhQQ,-qTAD9VNJHg,1,0
2026-07-29,UCFFY072qzjDnmC_uA65zhQQ,0ZIO4anzY5I,8,0
2026-07-29,UCFFY072qzjDnmC_uA65zhQQ,0rhTdpz0Jyc,1,0
2026-07-29,UCFFY072qzjDnmC_uA65zhQQ,1C8YIiELECI,6,0
2026-07-29,UCFFY072qzjDnmC_uA65zhQQ,1XNo0hTd1Kc,9,0
2026-07-29,UCFFY072qzjDnmC_uA65zhQQ,3s24LgNa3B0,8,0.125
2026-07-29,UCFFY072qzjDnmC_uA65zhQQ,4h2g5wBWqI4,91,0.02197802197802198
2026-07-29,UCFFY072qzjDnmC_uA65zhQQ,4sxqdyUBRsI,1,0
2026-07-29,UCFFY072qzjDnmC_uA65zhQQ,6LlydS0_23w,18,0.16666666666666666
2026-07-29,UCFFY072qzjDnmC_uA65zhQQ,744vAmBXikY,13,0
2026-07-29,UCFFY072qzjDnmC_uA65zhQQ,7JTpRZ6EAj4,10,0
2026-07-29,UCFFY072qzjDnmC_uA65zhQQ,7bs6ELSOGFg,3,0
2026-07-29,UCFFY072qzjDnmC_uA65zhQQ,7sIU7b-5vCA,3,0
2026-07-29,UCFFY072qzjDnmC_uA65zhQQ,8P-YiIGlBjE,7,0
2026-07-29,UCFFY072qzjDnmC_uA65zhQQ,9qhfAvXGR1U,1,0
2026-07-29,UCFFY072qzjDnmC_uA65zhQQ,AJmfMOm5Sls,21,0
2026-07-29,UCFFY072qzjDnmC_uA65zhQQ,BTCe24GOWqk,10,0.1
2026-07-29,UCFFY072qzjDnmC_uA65zhQQ,BuNbDIm2ieg,3,0
2026-07-29,UCFFY072qzjDnmC_uA65zhQQ,BvnWdTTwSys,12,0
2026-07-29,UCFFY072qzjDnmC_uA65zhQQ,CVCUMNF_koE,3,0
2026-07-29,UCFFY072qzjDnmC_uA65zhQQ,DIhEv0TjUkY,4,0
2026-07-29,UCFFY072qzjDnmC_uA65zhQQ,EPazhvJ7Jd0,3,0
2026-07-29,UCFFY072qzjDnmC_uA65zhQQ,EXv89Z4tXZ0,20,0.1
2026-07-29,UCFFY072qzjDnmC_uA65zhQQ,FQHJqEfpZz8,13,0.076923076923076927
2026-07-29,UCFFY072qzjDnmC_uA65zhQQ,FZazL5XS_fw,1,0
2026-07-29,UCFFY072qzjDnmC_uA65zhQQ,FdWxDjGBIM4,9,0.1111111111111111
2026-07-29,UCFFY072qzjDnmC_uA65zhQQ,GNVK5JQjXos,8,0
2026-07-29,UCFFY072qzjDnmC_uA65zhQQ,Gp0dyrxdI_0,6,0.16666666666666666
2026-07-29,UCFFY072qzjDnmC_uA65zhQQ,HXCcgOM0Uws,1,0
2026-07-29,UCFFY072qzjDnmC_uA65zhQQ,IaCjWJ3vy48,31,0.032258064516129031
2026-07-29,UCFFY072qzjDnmC_uA65zhQQ,IvAkc1fwzUc,20,0.2
2026-07-29,UCFFY072qzjDnmC_uA65zhQQ,J85xwjbTMgQ,3,0
2026-07-29,UCFFY072qzjDnmC_uA65zhQQ,KoVVQ_ay2Vg,1,0
2026-07-29,UCFFY072qzjDnmC_uA65zhQQ,LLXlFny9jYc,4,0
2026-07-29,UCFFY072qzjDnmC_uA65zhQQ,M64uEXXFdF8,25,0.12
2026-07-29,UCFFY072qzjDnmC_uA65zhQQ,MkDw5J3auiQ,1,0
2026-07-29,UCFFY072qzjDnmC_uA65zhQQ,NH01AGqUk98,2,0
2026-07-29,UCFFY072qzjDnmC_uA65zhQQ,PGZEUuam-rA,6,0
2026-07-29,UCFFY072qzjDnmC_uA65zhQQ,Q__n0KC548c,12,0
2026-07-29,UCFFY072qzjDnmC_uA65zhQQ,QhRgPOmgBDU,5,0.2
2026-07-29,UCFFY072qzjDnmC_uA65zhQQ,RGVNMIv9NeA,16,0
2026-07-29,UCFFY072qzjDnmC_uA65zhQQ,RR9mLs5RgtA,6,0
2026-07-29,UCFFY072qzjDnmC_uA65zhQQ,SPCRzy8PD3M,14,0
2026-07-29,UCFFY072qzjDnmC_uA65zhQQ,UffIvNL8fLg,9,0.1111111111111111
2026-07-29,UCFFY072qzjDnmC_uA65zhQQ,VYcynJqnsyU,6,0
2026-07-29,UCFFY072qzjDnmC_uA65zhQQ,WpAYWow2Yuw,12,0
2026-07-29,UCFFY072qzjDnmC_uA65zhQQ,YWrjNeKZBR8,79,0.10126582278481013
2026-07-29,UCFFY072qzjDnmC_uA65zhQQ,Z4tzAXpPz0s,29,0.034482758620689655
2026-07-29,UCFFY072qzjDnmC_uA65zhQQ,ZsiHzy2w60o,9,0.33333333333333331
2026-07-29,UCFFY072qzjDnmC_uA65zhQQ,_3EAZlSh5zM,9,0
2026-07-29,UCFFY072qzjDnmC_uA65zhQQ,_mj3H2RN7Eg,1,0
2026-07-29,UCFFY072qzjDnmC_uA65zhQQ,aAso_jiDQhQ,70,0.042857142857142858
2026-07-29,UCFFY072qzjDnmC_uA65zhQQ,b5judqdZ4eI,49,0.020408163265306121
2026-07-29,UCFFY072qzjDnmC_uA65zhQQ,dR6SIFXqyLA,5,0
2026-07-29,UCFFY072qzjDnmC_uA65zhQQ,dTVe7fZeZbc,1456,0.0054945054945054949
2026-07-29,UCFFY072qzjDnmC_uA65zhQQ,e6JpvlA6f_4,45,0.044444444444444446
2026-07-29,UCFFY072qzjDnmC_uA65zhQQ,eH1CndEyHrc,1,0
2026-07-29,UCFFY072qzjDnmC_uA65zhQQ,f3GFgdZYHG4,1,0
2026-07-29,UCFFY072qzjDnmC_uA65zhQQ,fGezis2rjZA,1,0
2026-07-29,UCFFY072qzjDnmC_uA65zhQQ,f_G_acY5Jt4,6,0
2026-07-29,UCFFY072qzjDnmC_uA65zhQQ,h2mcGEc0hcY,24,0.041666666666666664
2026-07-29,UCFFY072qzjDnmC_uA65zhQQ,j2uFT1pKGPE,12,0
2026-07-29,UCFFY072qzjDnmC_uA65zhQQ,kWtTpnW-uW0,11,0.18181818181818182
2026-07-29,UCFFY072qzjDnmC_uA65zhQQ,l6jdNIJF3CQ,1,0
2026-07-29,UCFFY072qzjDnmC_uA65zhQQ,mF_kzkE7IJ4,11,0.18181818181818182
2026-07-29,UCFFY072qzjDnmC_uA65zhQQ,mbAcnZ8BqBY,3,0.33333333333333331
2026-07-29,UCFFY072qzjDnmC_uA65zhQQ,nOBtQ8KqMLY,10,0.1
2026-07-29,UCFFY072qzjDnmC_uA65zhQQ,oI_yFGUHZY0,6,0.16666666666666666
2026-07-29,UCFFY072qzjDnmC_uA65zhQQ,of-AvGSADq8,61,0.016393442622950821
2026-07-29,UCFFY072qzjDnmC_uA65zhQQ,pHK8uMvoDT4,14,0
2026-07-29,UCFFY072qzjDnmC_uA65zhQQ,pHU3663gH1I,4,0.25
2026-07-29,UCFFY072qzjDnmC_uA65zhQQ,pyv1_pwtQg4,7,0
2026-07-29,UCFFY072qzjDnmC_uA65zhQQ,qTIkvUR_ysc,5,0
2026-07-29,UCFFY072qzjDnmC_uA65zhQQ,qvWP9uPmD-Y,19,0
2026-07-29,UCFFY072qzjDnmC_uA65zhQQ,rAAA7glPy5o,1,0
2026-07-29,UCFFY072qzjDnmC_uA65zhQQ,rSpIRpNrtto,7,0.2857142857142857
2026-07-29,UCFFY072qzjDnmC_uA65zhQQ,ss_JrKiSyZw,2,0.5
2026-07-29,UCFFY072qzjDnmC_uA65zhQQ,taTgfz1dUAc,1,0
2026-07-29,UCFFY072qzjDnmC_uA65zhQQ,uULJgUopqWE,12,0
2026-07-29,UCFFY072qzjDnmC_uA65zhQQ,vD5KR4XrkLk,11,0
2026-07-29,UCFFY072qzjDnmC_uA65zhQQ,y5HbBNKzJ0c,4,0
2026-07-29,UCFFY072qzjDnmC_uA65zhQQ,yB05q6bx2eI,5,0
2026-07-29,UCFFY072qzjDnmC_uA65zhQQ,yz_uWHlsIF8,2,0
2026-07-30,UCFFY072qzjDnmC_uA65zhQQ,-7RNcKxLsWc,2,0
2026-07-30,UCFFY072qzjDnmC_uA65zhQQ,-KMuetmIAs0,12,0
2026-07-30,UCFFY072qzjDnmC_uA65zhQQ,0ZIO4anzY5I,7,0
2026-07-30,UCFFY072qzjDnmC_uA65zhQQ,1C8YIiELECI,5,0
2026-07-30,UCFFY072qzjDnmC_uA65zhQQ,1XNo0hTd1Kc,4,0.5
2026-07-30,UCFFY072qzjDnmC_uA65zhQQ,2x5xGIWsYec,2,0
2026-07-30,UCFFY072qzjDnmC_uA65zhQQ,3s24LgNa3B0,16,0.0625
2026-07-30,UCFFY072qzjDnmC_uA65zhQQ,4h2g5wBWqI4,11,0
2026-07-30,UCFFY072qzjDnmC_uA65zhQQ,4sxqdyUBRsI,2,0
2026-07-30,UCFFY072qzjDnmC_uA65zhQQ,6LlydS0_23w,9,0
2026-07-30,UCFFY072qzjDnmC_uA65zhQQ,744vAmBXikY,1,0
2026-07-30,UCFFY072qzjDnmC_uA65zhQQ,7JTpRZ6EAj4,3,0
2026-07-30,UCFFY072qzjDnmC_uA65zhQQ,8P-YiIGlBjE,15,0
2026-07-30,UCFFY072qzjDnmC_uA65zhQQ,AJmfMOm5Sls,7,0.14285714285714285
2026-07-30,UCFFY072qzjDnmC_uA65zhQQ,BTCe24GOWqk,24,0.041666666666666664
2026-07-30,UCFFY072qzjDnmC_uA65zhQQ,BuNbDIm2ieg,1,0
2026-07-30,UCFFY072qzjDnmC_uA65zhQQ,BvnWdTTwSys,10,0
2026-07-30,UCFFY072qzjDnmC_uA65zhQQ,CVCUMNF_koE,2,0
2026-07-30,UCFFY072qzjDnmC_uA65zhQQ,DIhEv0TjUkY,2,0
2026-07-30,UCFFY072qzjDnmC_uA65zhQQ,EPazhvJ7Jd0,3,0
2026-07-30,UCFFY072qzjDnmC_uA65zhQQ,EXv89Z4tXZ0,9,0
2026-07-30,UCFFY072qzjDnmC_uA65zhQQ,FQHJqEfpZz8,9,0.1111111111111111
2026-07-30,UCFFY072qzjDnmC_uA65zhQQ,FZazL5XS_fw,1,0
2026-07-30,UCFFY072qzjDnmC_uA65zhQQ,FdWxDjGBIM4,6,0
2026-07-30,UCFFY072qzjDnmC_uA65zhQQ,GNVK5JQjXos,1,0
2026-07-30,UCFFY072qzjDnmC_uA65zhQQ,Gp0dyrxdI_0,13,0
2026-07-30,UCFFY072qzjDnmC_uA65zhQQ,HXCcgOM0Uws,4,0
2026-07-30,UCFFY072qzjDnmC_uA65zhQQ,IaCjWJ3vy48,45,0.066666666666666666
2026-07-30,UCFFY072qzjDnmC_uA65zhQQ,IvAkc1fwzUc,12,0
2026-07-30,UCFFY072qzjDnmC_uA65zhQQ,J85xwjbTMgQ,5,0
2026-07-30,UCFFY072qzjDnmC_uA65zhQQ,Jlc-Jtd81o0,1,0
2026-07-30,UCFFY072qzjDnmC_uA65zhQQ,Klivqn7VoxY,1,0
2026-07-30,UCFFY072qzjDnmC_uA65zhQQ,KoVVQ_ay2Vg,1,0
2026-07-30,UCFFY072qzjDnmC_uA65zhQQ,LLXlFny9jYc,13,0
2026-07-30,UCFFY072qzjDnmC_uA65zhQQ,M64uEXXFdF8,29,0
2026-07-30,UCFFY072qzjDnmC_uA65zhQQ,NH01AGqUk98,1,0
2026-07-30,UCFFY072qzjDnmC_uA65zhQQ,PGZEUuam-rA,11,0
2026-07-30,UCFFY072qzjDnmC_uA65zhQQ,Q__n0KC548c,9,0
2026-07-30,UCFFY072qzjDnmC_uA65zhQQ,QhRgPOmgBDU,3,0
2026-07-30,UCFFY072qzjDnmC_uA65zhQQ,RGVNMIv9NeA,6,0
2026-07-30,UCFFY072qzjDnmC_uA65zhQQ,RR9mLs5RgtA,1,0
2026-07-30,UCFFY072qzjDnmC_uA65zhQQ,SPCRzy8PD3M,3,0
2026-07-30,UCFFY072qzjDnmC_uA65zhQQ,UffIvNL8fLg,4,0
2026-07-30,UCFFY072qzjDnmC_uA65zhQQ,VYcynJqnsyU,6,0.16666666666666666
2026-07-30,UCFFY072qzjDnmC_uA65zhQQ,WpAYWow2Yuw,2,0
2026-07-30,UCFFY072qzjDnmC_uA65zhQQ,YWrjNeKZBR8,56,0
2026-07-30,UCFFY072qzjDnmC_uA65zhQQ,YrMnQa68sQc,2,0
2026-07-30,UCFFY072qzjDnmC_uA65zhQQ,Z4tzAXpPz0s,35,0.14285714285714285
2026-07-30,UCFFY072qzjDnmC_uA65zhQQ,ZOBF9SJEjDU,1,0
2026-07-30,UCFFY072qzjDnmC_uA65zhQQ,ZsiHzy2w60o,13,0.23076923076923078
2026-07-30,UCFFY072qzjDnmC_uA65zhQQ,_3EAZlSh5zM,15,0
2026-07-30,UCFFY072qzjDnmC_uA65zhQQ,_mj3H2RN7Eg,4,0
2026-07-30,UCFFY072qzjDnmC_uA65zhQQ,aAso_jiDQhQ,22,0.045454545454545456
2026-07-30,UCFFY072qzjDnmC_uA65zhQQ,b5judqdZ4eI,40,0.05
2026-07-30,UCFFY072qzjDnmC_uA65zhQQ,bU-TYOpKgaQ,9,0
2026-07-30,UCFFY072qzjDnmC_uA65zhQQ,cuI3UY3v3gI,2,0
2026-07-30,UCFFY072qzjDnmC_uA65zhQQ,dR6SIFXqyLA,7,0
2026-07-30,UCFFY072qzjDnmC_uA65zhQQ,dTVe7fZeZbc,253,0.015810276679841896
2026-07-30,UCFFY072qzjDnmC_uA65zhQQ,e6JpvlA6f_4,29,0.068965517241379309
2026-07-30,UCFFY072qzjDnmC_uA65zhQQ,eGedfjRrI5w,1,0
2026-07-30,UCFFY072qzjDnmC_uA65zhQQ,f2T5LyFvhBM,1,0
2026-07-30,UCFFY072qzjDnmC_uA65zhQQ,f3GFgdZYHG4,7,0.14285714285714285
2026-07-30,UCFFY072qzjDnmC_uA65zhQQ,fGezis2rjZA,3,0
2026-07-30,UCFFY072qzjDnmC_uA65zhQQ,f_G_acY5Jt4,1,0
2026-07-30,UCFFY072qzjDnmC_uA65zhQQ,h2mcGEc0hcY,26,0.076923076923076927
2026-07-30,UCFFY072qzjDnmC_uA65zhQQ,j2uFT1pKGPE,5,0
2026-07-30,UCFFY072qzjDnmC_uA65zhQQ,kWtTpnW-uW0,5,0.2
2026-07-30,UCFFY072qzjDnmC_uA65zhQQ,l6jdNIJF3CQ,4,0
2026-07-30,UCFFY072qzjDnmC_uA65zhQQ,mF_kzkE7IJ4,11,0
2026-07-30,UCFFY072qzjDnmC_uA65zhQQ,mbAcnZ8BqBY,9,0
2026-07-30,UCFFY072qzjDnmC_uA65zhQQ,nOBtQ8KqMLY,5,0.4
2026-07-30,UCFFY072qzjDnmC_uA65zhQQ,oI_yFGUHZY0,10,0
2026-07-30,UCFFY072qzjDnmC_uA65zhQQ,of-AvGSADq8,42,0
2026-07-30,UCFFY072qzjDnmC_uA65zhQQ,pHK8uMvoDT4,17,0
2026-07-30,UCFFY072qzjDnmC_uA65zhQQ,pHU3663gH1I,2,0
2026-07-30,UCFFY072qzjDnmC_uA65zhQQ,pyv1_pwtQg4,10,0
2026-07-30,UCFFY072qzjDnmC_uA65zhQQ,qTIkvUR_ysc,14,0
2026-07-30,UCFFY072qzjDnmC_uA65zhQQ,qvWP9uPmD-Y,9,0
2026-07-30,UCFFY072qzjDnmC_uA65zhQQ,rAAA7glPy5o,5,0
2026-07-30,UCFFY072qzjDnmC_uA65zhQQ,rSpIRpNrtto,9,0
2026-07-30,UCFFY072qzjDnmC_uA65zhQQ,ss_JrKiSyZw,2,0
2026-07-30,UCFFY072qzjDnmC_uA65zhQQ,taTgfz1dUAc,1,0
2026-07-30,UCFFY072qzjDnmC_uA65zhQQ,uULJgUopqWE,22,0.045454545454545456
2026-07-30,UCFFY072qzjDnmC_uA65zhQQ,vD5KR4XrkLk,14,0
2026-07-30,UCFFY072qzjDnmC_uA65zhQQ,xEkmwt0UHYs,1,0
2026-07-30,UCFFY072qzjDnmC_uA65zhQQ,y5HbBNKzJ0c,4,0
2026-07-30,UCFFY072qzjDnmC_uA65zhQQ,yB05q6bx2eI,8,0
2026-07-30,UCFFY072qzjDnmC_uA65zhQQ,yz_uWHlsIF8,2,0
2026-07-31,UCFFY072qzjDnmC_uA65zhQQ,-7RNcKxLsWc,6,0
2026-07-31,UCFFY072qzjDnmC_uA65zhQQ,-KMuetmIAs0,5,0.2
2026-07-31,UCFFY072qzjDnmC_uA65zhQQ,-qTAD9VNJHg,1,0
2026-07-31,UCFFY072qzjDnmC_uA65zhQQ,0ZIO4anzY5I,11,0
2026-07-31,UCFFY072qzjDnmC_uA65zhQQ,0rhTdpz0Jyc,2,0
2026-07-31,UCFFY072qzjDnmC_uA65zhQQ,1C8YIiELECI,2,0
2026-07-31,UCFFY072qzjDnmC_uA65zhQQ,1XNo0hTd1Kc,6,0
2026-07-31,UCFFY072qzjDnmC_uA65zhQQ,2x5xGIWsYec,1,0
2026-07-31,UCFFY072qzjDnmC_uA65zhQQ,3s24LgNa3B0,10,0
2026-07-31,UCFFY072qzjDnmC_uA65zhQQ,4h2g5wBWqI4,22,0
2026-07-31,UCFFY072qzjDnmC_uA65zhQQ,4sxqdyUBRsI,5,0
2026-07-31,UCFFY072qzjDnmC_uA65zhQQ,6LlydS0_23w,10,0
2026-07-31,UCFFY072qzjDnmC_uA65zhQQ,744vAmBXikY,3,0.33333333333333331
2026-07-31,UCFFY072qzjDnmC_uA65zhQQ,7JTpRZ6EAj4,10,0.1
2026-07-31,UCFFY072qzjDnmC_uA65zhQQ,7bs6ELSOGFg,2,0
2026-07-31,UCFFY072qzjDnmC_uA65zhQQ,7sIU7b-5vCA,1,0
2026-07-31,UCFFY072qzjDnmC_uA65zhQQ,8P-YiIGlBjE,14,0.071428571428571425
2026-07-31,UCFFY072qzjDnmC_uA65zhQQ,9qhfAvXGR1U,2,0
2026-07-31,UCFFY072qzjDnmC_uA65zhQQ,AJmfMOm5Sls,9,0
2026-07-31,UCFFY072qzjDnmC_uA65zhQQ,BTCe24GOWqk,25,0.08
2026-07-31,UCFFY072qzjDnmC_uA65zhQQ,BuNbDIm2ieg,4,0
2026-07-31,UCFFY072qzjDnmC_uA65zhQQ,BvnWdTTwSys,15,0
2026-07-31,UCFFY072qzjDnmC_uA65zhQQ,CVCUMNF_koE,4,0
2026-07-31,UCFFY072qzjDnmC_uA65zhQQ,DIhEv0TjUkY,5,0
2026-07-31,UCFFY072qzjDnmC_uA65zhQQ,EXv89Z4tXZ0,13,0.30769230769230771
2026-07-31,UCFFY072qzjDnmC_uA65zhQQ,FQHJqEfpZz8,15,0.2
2026-07-31,UCFFY072qzjDnmC_uA65zhQQ,FZazL5XS_fw,2,0
2026-07-31,UCFFY072qzjDnmC_uA65zhQQ,FdWxDjGBIM4,11,0
2026-07-31,UCFFY072qzjDnmC_uA65zhQQ,GNVK5JQjXos,1,0
2026-07-31,UCFFY072qzjDnmC_uA65zhQQ,Gp0dyrxdI_0,9,0
2026-07-31,UCFFY072qzjDnmC_uA65zhQQ,IaCjWJ3vy48,19,0
2026-07-31,UCFFY072qzjDnmC_uA65zhQQ,IvAkc1fwzUc,12,0
2026-07-31,UCFFY072qzjDnmC_uA65zhQQ,J85xwjbTMgQ,1,0
2026-07-31,UCFFY072qzjDnmC_uA65zhQQ,Jlc-Jtd81o0,3,0
2026-07-31,UCFFY072qzjDnmC_uA65zhQQ,Klivqn7VoxY,7,0.2857142857142857
2026-07-31,UCFFY072qzjDnmC_uA65zhQQ,KoVVQ_ay2Vg,1,0
2026-07-31,UCFFY072qzjDnmC_uA65zhQQ,LLXlFny9jYc,4,0
2026-07-31,UCFFY072qzjDnmC_uA65zhQQ,LRNKHD90ThE,1,0
2026-07-31,UCFFY072qzjDnmC_uA65zhQQ,M64uEXXFdF8,44,0
2026-07-31,UCFFY072qzjDnmC_uA65zhQQ,MkDw5J3auiQ,7,0
2026-07-31,UCFFY072qzjDnmC_uA65zhQQ,PGZEUuam-rA,14,0
2026-07-31,UCFFY072qzjDnmC_uA65zhQQ,Q__n0KC548c,10,0.1
2026-07-31,UCFFY072qzjDnmC_uA65zhQQ,QhRgPOmgBDU,3,0
2026-07-31,UCFFY072qzjDnmC_uA65zhQQ,RGVNMIv9NeA,7,0
2026-07-31,UCFFY072qzjDnmC_uA65zhQQ,RR9mLs5RgtA,1,0
2026-07-31,UCFFY072qzjDnmC_uA65zhQQ,RqNhgaAulhI,1,0
2026-07-31,UCFFY072qzjDnmC_uA65zhQQ,SPCRzy8PD3M,14,0.071428571428571425
2026-07-31,UCFFY072qzjDnmC_uA65zhQQ,UffIvNL8fLg,5,0.2
2026-07-31,UCFFY072qzjDnmC_uA65zhQQ,VYcynJqnsyU,1,0
2026-07-31,UCFFY072qzjDnmC_uA65zhQQ,WpAYWow2Yuw,6,0.33333333333333331
2026-07-31,UCFFY072qzjDnmC_uA65zhQQ,XD8tgLIwHvQ,4,0.25
2026-07-31,UCFFY072qzjDnmC_uA65zhQQ,YWrjNeKZBR8,55,0.018181818181818181
2026-07-31,UCFFY072qzjDnmC_uA65zhQQ,YrMnQa68sQc,1,0
2026-07-31,UCFFY072qzjDnmC_uA65zhQQ,Z4tzAXpPz0s,64,0.078125
2026-07-31,UCFFY072qzjDnmC_uA65zhQQ,ZOBF9SJEjDU,1,0
2026-07-31,UCFFY072qzjDnmC_uA65zhQQ,ZsiHzy2w60o,5,0
2026-07-31,UCFFY072qzjDnmC_uA65zhQQ,ZzIrT1d2m4g,4,0
2026-07-31,UCFFY072qzjDnmC_uA65zhQQ,_3EAZlSh5zM,3,0
2026-07-31,UCFFY072qzjDnmC_uA65zhQQ,_mj3H2RN7Eg,18,0.1111111111111111
2026-07-31,UCFFY072qzjDnmC_uA65zhQQ,aAso_jiDQhQ,30,0
2026-07-31,UCFFY072qzjDnmC_uA65zhQQ,b5judqdZ4eI,34,0
2026-07-31,UCFFY072qzjDnmC_uA65zhQQ,bU-TYOpKgaQ,7,0
2026-07-31,UCFFY072qzjDnmC_uA65zhQQ,dR6SIFXqyLA,3,0
2026-07-31,UCFFY072qzjDnmC_uA65zhQQ,dTVe7fZeZbc,34,0
2026-07-31,UCFFY072qzjDnmC_uA65zhQQ,e6JpvlA6f_4,9,0
2026-07-31,UCFFY072qzjDnmC_uA65zhQQ,eGedfjRrI5w,1,0
2026-07-31,UCFFY072qzjDnmC_uA65zhQQ,f3GFgdZYHG4,3,0
2026-07-31,UCFFY072qzjDnmC_uA65zhQQ,fGezis2rjZA,4,0
2026-07-31,UCFFY072qzjDnmC_uA65zhQQ,f_G_acY5Jt4,11,0
2026-07-31,UCFFY072qzjDnmC_uA65zhQQ,h2mcGEc0hcY,29,0.10344827586206896
2026-07-31,UCFFY072qzjDnmC_uA65zhQQ,hudmiFcA57A,1,0
2026-07-31,UCFFY072qzjDnmC_uA65zhQQ,j2uFT1pKGPE,15,0.066666666666666666
2026-07-31,UCFFY072qzjDnmC_uA65zhQQ,kWtTpnW-uW0,9,0.1111111111111111
2026-07-31,UCFFY072qzjDnmC_uA65zhQQ,kduz9-W_3Y0,163,0.036809815950920248
2026-07-31,UCFFY072qzjDnmC_uA65zhQQ,l6jdNIJF3CQ,12,0
2026-07-31,UCFFY072qzjDnmC_uA65zhQQ,mF_kzkE7IJ4,6,0
2026-07-31,UCFFY072qzjDnmC_uA65zhQQ,mbAcnZ8BqBY,35,0
2026-07-31,UCFFY072qzjDnmC_uA65zhQQ,nOBtQ8KqMLY,1,0
2026-07-31,UCFFY072qzjDnmC_uA65zhQQ,oI_yFGUHZY0,12,0
2026-07-31,UCFFY072qzjDnmC_uA65zhQQ,of-AvGSADq8,60,0.033333333333333333
2026-07-31,UCFFY072qzjDnmC_uA65zhQQ,pHK8uMvoDT4,10,0
2026-07-31,UCFFY072qzjDnmC_uA65zhQQ,pHU3663gH1I,2,0
2026-07-31,UCFFY072qzjDnmC_uA65zhQQ,pyv1_pwtQg4,25,0.12
2026-07-31,UCFFY072qzjDnmC_uA65zhQQ,q1uDScvMQfg,3,0
2026-07-31,UCFFY072qzjDnmC_uA65zhQQ,qTIkvUR_ysc,6,0.33333333333333331
2026-07-31,UCFFY072qzjDnmC_uA65zhQQ,qvWP9uPmD-Y,10,0
2026-07-31,UCFFY072qzjDnmC_uA65zhQQ,rAAA7glPy5o,2,0
2026-07-31,UCFFY072qzjDnmC_uA65zhQQ,rSpIRpNrtto,14,0
2026-07-31,UCFFY072qzjDnmC_uA65zhQQ,ss_JrKiSyZw,2,0
2026-07-31,UCFFY072qzjDnmC_uA65zhQQ,taTgfz1dUAc,4,0
2026-07-31,UCFFY072qzjDnmC_uA65zhQQ,uULJgUopqWE,16,0
2026-07-31,UCFFY072qzjDnmC_uA65zhQQ,vD5KR4XrkLk,25,0.04
2026-07-31,UCFFY072qzjDnmC_uA65zhQQ,yB05q6bx2eI,15,0.066666666666666666
2026-07-31,UCFFY072qzjDnmC_uA65zhQQ,yF5ucLxQLsU,2,0
2026-07-31,UCFFY072qzjDnmC_uA65zhQQ,yz_uWHlsIF8,3,0
2026-08-01,UCFFY072qzjDnmC_uA65zhQQ,-7RNcKxLsWc,12,0.083333333333333329
2026-08-01,UCFFY072qzjDnmC_uA65zhQQ,-KMuetmIAs0,4,0
2026-08-01,UCFFY072qzjDnmC_uA65zhQQ,-qTAD9VNJHg,1,0
2026-08-01,UCFFY072qzjDnmC_uA65zhQQ,-vseQgEaQd8,1,0
2026-08-01,UCFFY072qzjDnmC_uA65zhQQ,0ZIO4anzY5I,13,0
2026-08-01,UCFFY072qzjDnmC_uA65zhQQ,0rhTdpz0Jyc,1,0
2026-08-01,UCFFY072qzjDnmC_uA65zhQQ,1C8YIiELECI,4,0
2026-08-01,UCFFY072qzjDnmC_uA65zhQQ,1XNo0hTd1Kc,11,0
2026-08-01,UCFFY072qzjDnmC_uA65zhQQ,2PLwXk__E14,1,1
2026-08-01,UCFFY072qzjDnmC_uA65zhQQ,2x5xGIWsYec,1,0
2026-08-01,UCFFY072qzjDnmC_uA65zhQQ,3s24LgNa3B0,14,0.14285714285714285
2026-08-01,UCFFY072qzjDnmC_uA65zhQQ,4h2g5wBWqI4,14,0
2026-08-01,UCFFY072qzjDnmC_uA65zhQQ,4sxqdyUBRsI,4,0
2026-08-01,UCFFY072qzjDnmC_uA65zhQQ,6LlydS0_23w,8,0.125
2026-08-01,UCFFY072qzjDnmC_uA65zhQQ,744vAmBXikY,9,0
2026-08-01,UCFFY072qzjDnmC_uA65zhQQ,7JTpRZ6EAj4,12,0
2026-08-01,UCFFY072qzjDnmC_uA65zhQQ,7bs6ELSOGFg,2,0
2026-08-01,UCFFY072qzjDnmC_uA65zhQQ,7sIU7b-5vCA,10,0
2026-08-01,UCFFY072qzjDnmC_uA65zhQQ,8P-YiIGlBjE,15,0
2026-08-01,UCFFY072qzjDnmC_uA65zhQQ,9qhfAvXGR1U,2,0
2026-08-01,UCFFY072qzjDnmC_uA65zhQQ,AJmfMOm5Sls,12,0
2026-08-01,UCFFY072qzjDnmC_uA65zhQQ,BTCe24GOWqk,26,0.26923076923076922
2026-08-01,UCFFY072qzjDnmC_uA65zhQQ,BbOIL8iN8Xs,2,0
2026-08-01,UCFFY072qzjDnmC_uA65zhQQ,BuNbDIm2ieg,5,0
2026-08-01,UCFFY072qzjDnmC_uA65zhQQ,BvnWdTTwSys,25,0.04
2026-08-01,UCFFY072qzjDnmC_uA65zhQQ,DIhEv0TjUkY,6,0.16666666666666666
2026-08-01,UCFFY072qzjDnmC_uA65zhQQ,EPazhvJ7Jd0,4,0
2026-08-01,UCFFY072qzjDnmC_uA65zhQQ,EXv89Z4tXZ0,26,0.23076923076923078
2026-08-01,UCFFY072qzjDnmC_uA65zhQQ,FQHJqEfpZz8,5,0
2026-08-01,UCFFY072qzjDnmC_uA65zhQQ,FZazL5XS_fw,4,0
2026-08-01,UCFFY072qzjDnmC_uA65zhQQ,FdWxDjGBIM4,10,0.1
2026-08-01,UCFFY072qzjDnmC_uA65zhQQ,GNVK5JQjXos,3,0
2026-08-01,UCFFY072qzjDnmC_uA65zhQQ,Gp0dyrxdI_0,15,0
2026-08-01,UCFFY072qzjDnmC_uA65zhQQ,HXCcgOM0Uws,1,0
2026-08-01,UCFFY072qzjDnmC_uA65zhQQ,IaCjWJ3vy48,35,0.028571428571428571
2026-08-01,UCFFY072qzjDnmC_uA65zhQQ,IvAkc1fwzUc,14,0
2026-08-01,UCFFY072qzjDnmC_uA65zhQQ,Jlc-Jtd81o0,1,0
2026-08-01,UCFFY072qzjDnmC_uA65zhQQ,Klivqn7VoxY,12,0.25
2026-08-01,UCFFY072qzjDnmC_uA65zhQQ,KoVVQ_ay2Vg,1,0
2026-08-01,UCFFY072qzjDnmC_uA65zhQQ,LLXlFny9jYc,13,0.15384615384615385
2026-08-01,UCFFY072qzjDnmC_uA65zhQQ,LRNKHD90ThE,1,0
2026-08-01,UCFFY072qzjDnmC_uA65zhQQ,M64uEXXFdF8,32,0.03125
2026-08-01,UCFFY072qzjDnmC_uA65zhQQ,NH01AGqUk98,2,0
2026-08-01,UCFFY072qzjDnmC_uA65zhQQ,PGZEUuam-rA,10,0
2026-08-01,UCFFY072qzjDnmC_uA65zhQQ,Q__n0KC548c,11,0.090909090909090912
2026-08-01,UCFFY072qzjDnmC_uA65zhQQ,QhRgPOmgBDU,7,0
2026-08-01,UCFFY072qzjDnmC_uA65zhQQ,RGVNMIv9NeA,2,0
2026-08-01,UCFFY072qzjDnmC_uA65zhQQ,RR9mLs5RgtA,4,0
2026-08-01,UCFFY072qzjDnmC_uA65zhQQ,SPCRzy8PD3M,21,0
2026-08-01,UCFFY072qzjDnmC_uA65zhQQ,UffIvNL8fLg,11,0.090909090909090912
2026-08-01,UCFFY072qzjDnmC_uA65zhQQ,VYcynJqnsyU,1,0
2026-08-01,UCFFY072qzjDnmC_uA65zhQQ,WpAYWow2Yuw,7,0
2026-08-01,UCFFY072qzjDnmC_uA65zhQQ,XD8tgLIwHvQ,5,0
2026-08-01,UCFFY072qzjDnmC_uA65zhQQ,YWrjNeKZBR8,37,0.027027027027027029
2026-08-01,UCFFY072qzjDnmC_uA65zhQQ,Z4tzAXpPz0s,48,0.083333333333333329
2026-08-01,UCFFY072qzjDnmC_uA65zhQQ,ZOBF9SJEjDU,1,0
2026-08-01,UCFFY072qzjDnmC_uA65zhQQ,ZsiHzy2w60o,7,0
2026-08-01,UCFFY072qzjDnmC_uA65zhQQ,ZzIrT1d2m4g,5,0.2
2026-08-01,UCFFY072qzjDnmC_uA65zhQQ,_3EAZlSh5zM,8,0
2026-08-01,UCFFY072qzjDnmC_uA65zhQQ,_mj3H2RN7Eg,2,0
2026-08-01,UCFFY072qzjDnmC_uA65zhQQ,aAso_jiDQhQ,21,0
2026-08-01,UCFFY072qzjDnmC_uA65zhQQ,b5judqdZ4eI,51,0.0392156862745098
2026-08-01,UCFFY072qzjDnmC_uA65zhQQ,bU-TYOpKgaQ,10,0
2026-08-01,UCFFY072qzjDnmC_uA65zhQQ,cuI3UY3v3gI,1,0
2026-08-01,UCFFY072qzjDnmC_uA65zhQQ,dR6SIFXqyLA,6,0
2026-08-01,UCFFY072qzjDnmC_uA65zhQQ,dTVe7fZeZbc,57,0.017543859649122806
2026-08-01,UCFFY072qzjDnmC_uA65zhQQ,e6JpvlA6f_4,9,0
2026-08-01,UCFFY072qzjDnmC_uA65zhQQ,eGedfjRrI5w,1,0
2026-08-01,UCFFY072qzjDnmC_uA65zhQQ,eH1CndEyHrc,1,0
2026-08-01,UCFFY072qzjDnmC_uA65zhQQ,f3GFgdZYHG4,6,0
2026-08-01,UCFFY072qzjDnmC_uA65zhQQ,fGezis2rjZA,6,0
2026-08-01,UCFFY072qzjDnmC_uA65zhQQ,f_G_acY5Jt4,9,0
2026-08-01,UCFFY072qzjDnmC_uA65zhQQ,h2mcGEc0hcY,23,0.043478260869565216
2026-08-01,UCFFY072qzjDnmC_uA65zhQQ,j2uFT1pKGPE,11,0.090909090909090912
2026-08-01,UCFFY072qzjDnmC_uA65zhQQ,jW3y87r-g8k,1,0
2026-08-01,UCFFY072qzjDnmC_uA65zhQQ,kWtTpnW-uW0,4,0
2026-08-01,UCFFY072qzjDnmC_uA65zhQQ,kduz9-W_3Y0,37,0.10810810810810811
2026-08-01,UCFFY072qzjDnmC_uA65zhQQ,l6jdNIJF3CQ,8,0
2026-08-01,UCFFY072qzjDnmC_uA65zhQQ,mF_kzkE7IJ4,8,0
2026-08-01,UCFFY072qzjDnmC_uA65zhQQ,mbAcnZ8BqBY,18,0
2026-08-01,UCFFY072qzjDnmC_uA65zhQQ,nOBtQ8KqMLY,6,0
2026-08-01,UCFFY072qzjDnmC_uA65zhQQ,oI_yFGUHZY0,7,0
2026-08-01,UCFFY072qzjDnmC_uA65zhQQ,of-AvGSADq8,44,0.022727272727272728
2026-08-01,UCFFY072qzjDnmC_uA65zhQQ,pHK8uMvoDT4,22,0
2026-08-01,UCFFY072qzjDnmC_uA65zhQQ,pHU3663gH1I,5,0.2
2026-08-01,UCFFY072qzjDnmC_uA65zhQQ,pyv1_pwtQg4,16,0.0625
2026-08-01,UCFFY072qzjDnmC_uA65zhQQ,q1uDScvMQfg,1,0
2026-08-01,UCFFY072qzjDnmC_uA65zhQQ,qTIkvUR_ysc,2,0
2026-08-01,UCFFY072qzjDnmC_uA65zhQQ,qvWP9uPmD-Y,13,0.076923076923076927
2026-08-01,UCFFY072qzjDnmC_uA65zhQQ,rAAA7glPy5o,1,0
2026-08-01,UCFFY072qzjDnmC_uA65zhQQ,rSpIRpNrtto,5,0
2026-08-01,UCFFY072qzjDnmC_uA65zhQQ,ss_JrKiSyZw,6,0
2026-08-01,UCFFY072qzjDnmC_uA65zhQQ,taTgfz1dUAc,8,0
2026-08-01,UCFFY072qzjDnmC_uA65zhQQ,uULJgUopqWE,16,0.0625
2026-08-01,UCFFY072qzjDnmC_uA65zhQQ,vD5KR4XrkLk,18,0.16666666666666666
2026-08-01,UCFFY072qzjDnmC_uA65zhQQ,wezZH8qpWyY,2,0
2026-08-01,UCFFY072qzjDnmC_uA65zhQQ,yB05q6bx2eI,18,0
2026-08-01,UCFFY072qzjDnmC_uA65zhQQ,yF5ucLxQLsU,1,0
2026-08-01,UCFFY072qzjDnmC_uA65zhQQ,yz_uWHlsIF8,5,0.2
2026-08-02,UCFFY072qzjDnmC_uA65zhQQ,-7RNcKxLsWc,9,0
2026-08-02,UCFFY072qzjDnmC_uA65zhQQ,-KMuetmIAs0,8,0.125
2026-08-02,UCFFY072qzjDnmC_uA65zhQQ,-qTAD9VNJHg,1,0
2026-08-02,UCFFY072qzjDnmC_uA65zhQQ,0ZIO4anzY5I,5,0.2
2026-08-02,UCFFY072qzjDnmC_uA65zhQQ,0rhTdpz0Jyc,1,0
2026-08-02,UCFFY072qzjDnmC_uA65zhQQ,1C8YIiELECI,6,0
2026-08-02,UCFFY072qzjDnmC_uA65zhQQ,1XNo0hTd1Kc,9,0
2026-08-02,UCFFY072qzjDnmC_uA65zhQQ,2PLwXk__E14,2,0
2026-08-02,UCFFY072qzjDnmC_uA65zhQQ,3s24LgNa3B0,2,0
2026-08-02,UCFFY072qzjDnmC_uA65zhQQ,4h2g5wBWqI4,17,0.058823529411764705
2026-08-02,UCFFY072qzjDnmC_uA65zhQQ,4sxqdyUBRsI,2,0
2026-08-02,UCFFY072qzjDnmC_uA65zhQQ,6LlydS0_23w,15,0
2026-08-02,UCFFY072qzjDnmC_uA65zhQQ,744vAmBXikY,3,0.33333333333333331
2026-08-02,UCFFY072qzjDnmC_uA65zhQQ,7JTpRZ6EAj4,7,0.14285714285714285
2026-08-02,UCFFY072qzjDnmC_uA65zhQQ,7bs6ELSOGFg,2,0
2026-08-02,UCFFY072qzjDnmC_uA65zhQQ,7sIU7b-5vCA,2,0
2026-08-02,UCFFY072qzjDnmC_uA65zhQQ,8P-YiIGlBjE,13,0
2026-08-02,UCFFY072qzjDnmC_uA65zhQQ,9qhfAvXGR1U,3,0.33333333333333331
2026-08-02,UCFFY072qzjDnmC_uA65zhQQ,AJmfMOm5Sls,12,0
2026-08-02,UCFFY072qzjDnmC_uA65zhQQ,BTCe24GOWqk,18,0.1111111111111111
2026-08-02,UCFFY072qzjDnmC_uA65zhQQ,BuNbDIm2ieg,4,0
2026-08-02,UCFFY072qzjDnmC_uA65zhQQ,BvnWdTTwSys,7,0
2026-08-02,UCFFY072qzjDnmC_uA65zhQQ,CVCUMNF_koE,1,0
2026-08-02,UCFFY072qzjDnmC_uA65zhQQ,DIhEv0TjUkY,8,0.125
2026-08-02,UCFFY072qzjDnmC_uA65zhQQ,EPazhvJ7Jd0,12,0
2026-08-02,UCFFY072qzjDnmC_uA65zhQQ,EXv89Z4tXZ0,20,0.15
2026-08-02,UCFFY072qzjDnmC_uA65zhQQ,EwkXAwTL_QI,1,0
2026-08-02,UCFFY072qzjDnmC_uA65zhQQ,FQHJqEfpZz8,6,0.16666666666666666
2026-08-02,UCFFY072qzjDnmC_uA65zhQQ,FZazL5XS_fw,3,0
2026-08-02,UCFFY072qzjDnmC_uA65zhQQ,FdWxDjGBIM4,6,0
2026-08-02,UCFFY072qzjDnmC_uA65zhQQ,GNVK5JQjXos,1,0
2026-08-02,UCFFY072qzjDnmC_uA65zhQQ,Gp0dyrxdI_0,4,0
2026-08-02,UCFFY072qzjDnmC_uA65zhQQ,IaCjWJ3vy48,20,0.1
2026-08-02,UCFFY072qzjDnmC_uA65zhQQ,IvAkc1fwzUc,8,0
2026-08-02,UCFFY072qzjDnmC_uA65zhQQ,J85xwjbTMgQ,5,0
2026-08-02,UCFFY072qzjDnmC_uA65zhQQ,Jlc-Jtd81o0,2,0
2026-08-02,UCFFY072qzjDnmC_uA65zhQQ,Klivqn7VoxY,3,0
2026-08-02,UCFFY072qzjDnmC_uA65zhQQ,KoVVQ_ay2Vg,1,0
2026-08-02,UCFFY072qzjDnmC_uA65zhQQ,LLXlFny9jYc,4,0
2026-08-02,UCFFY072qzjDnmC_uA65zhQQ,M64uEXXFdF8,22,0
2026-08-02,UCFFY072qzjDnmC_uA65zhQQ,NH01AGqUk98,2,0
2026-08-02,UCFFY072qzjDnmC_uA65zhQQ,PGZEUuam-rA,14,0
2026-08-02,UCFFY072qzjDnmC_uA65zhQQ,Q__n0KC548c,7,0
2026-08-02,UCFFY072qzjDnmC_uA65zhQQ,QhRgPOmgBDU,2,0
2026-08-02,UCFFY072qzjDnmC_uA65zhQQ,RGVNMIv9NeA,15,0.066666666666666666
2026-08-02,UCFFY072qzjDnmC_uA65zhQQ,RR9mLs5RgtA,3,0
2026-08-02,UCFFY072qzjDnmC_uA65zhQQ,SPCRzy8PD3M,12,0
2026-08-02,UCFFY072qzjDnmC_uA65zhQQ,UffIvNL8fLg,7,0
2026-08-02,UCFFY072qzjDnmC_uA65zhQQ,VYcynJqnsyU,4,0
2026-08-02,UCFFY072qzjDnmC_uA65zhQQ,WpAYWow2Yuw,4,0.25
2026-08-02,UCFFY072qzjDnmC_uA65zhQQ,XD8tgLIwHvQ,6,0
2026-08-02,UCFFY072qzjDnmC_uA65zhQQ,YWrjNeKZBR8,52,0.057692307692307696
2026-08-02,UCFFY072qzjDnmC_uA65zhQQ,Z4tzAXpPz0s,32,0.0625
2026-08-02,UCFFY072qzjDnmC_uA65zhQQ,ZsiHzy2w60o,12,0.083333333333333329
2026-08-02,UCFFY072qzjDnmC_uA65zhQQ,ZzIrT1d2m4g,3,0
2026-08-02,UCFFY072qzjDnmC_uA65zhQQ,_3EAZlSh5zM,12,0
2026-08-02,UCFFY072qzjDnmC_uA65zhQQ,_mj3H2RN7Eg,4,0
2026-08-02,UCFFY072qzjDnmC_uA65zhQQ,aAso_jiDQhQ,15,0
2026-08-02,UCFFY072qzjDnmC_uA65zhQQ,b5judqdZ4eI,41,0.024390243902439025
2026-08-02,UCFFY072qzjDnmC_uA65zhQQ,bU-TYOpKgaQ,2,0
2026-08-02,UCFFY072qzjDnmC_uA65zhQQ,dR6SIFXqyLA,7,0.14285714285714285
2026-08-02,UCFFY072qzjDnmC_uA65zhQQ,dTVe7fZeZbc,81,0
2026-08-02,UCFFY072qzjDnmC_uA65zhQQ,e6JpvlA6f_4,20,0.05
2026-08-02,UCFFY072qzjDnmC_uA65zhQQ,eGedfjRrI5w,1,0
2026-08-02,UCFFY072qzjDnmC_uA65zhQQ,eH1CndEyHrc,2,0
2026-08-02,UCFFY072qzjDnmC_uA65zhQQ,f3GFgdZYHG4,4,0
2026-08-02,UCFFY072qzjDnmC_uA65zhQQ,fGezis2rjZA,4,0
2026-08-02,UCFFY072qzjDnmC_uA65zhQQ,f_G_acY5Jt4,8,0
2026-08-02,UCFFY072qzjDnmC_uA65zhQQ,gLUZAvea2oc,1,0
2026-08-02,UCFFY072qzjDnmC_uA65zhQQ,h2mcGEc0hcY,20,0.25
2026-08-02,UCFFY072qzjDnmC_uA65zhQQ,j2uFT1pKGPE,15,0.13333333333333333
2026-08-02,UCFFY072qzjDnmC_uA65zhQQ,jW3y87r-g8k,2,0
2026-08-02,UCFFY072qzjDnmC_uA65zhQQ,kWtTpnW-uW0,6,0.16666666666666666
2026-08-02,UCFFY072qzjDnmC_uA65zhQQ,kduz9-W_3Y0,44,0.090909090909090912
2026-08-02,UCFFY072qzjDnmC_uA65zhQQ,l6jdNIJF3CQ,7,0
2026-08-02,UCFFY072qzjDnmC_uA65zhQQ,mF_kzkE7IJ4,9,0
2026-08-02,UCFFY072qzjDnmC_uA65zhQQ,mbAcnZ8BqBY,12,0
2026-08-02,UCFFY072qzjDnmC_uA65zhQQ,nOBtQ8KqMLY,6,0
2026-08-02,UCFFY072qzjDnmC_uA65zhQQ,oI_yFGUHZY0,5,0
2026-08-02,UCFFY072qzjDnmC_uA65zhQQ,of-AvGSADq8,59,0.016949152542372881
2026-08-02,UCFFY072qzjDnmC_uA65zhQQ,pHK8uMvoDT4,15,0.13333333333333333
2026-08-02,UCFFY072qzjDnmC_uA65zhQQ,pHU3663gH1I,3,0
2026-08-02,UCFFY072qzjDnmC_uA65zhQQ,pyv1_pwtQg4,13,0
2026-08-02,UCFFY072qzjDnmC_uA65zhQQ,q1uDScvMQfg,3,0
2026-08-02,UCFFY072qzjDnmC_uA65zhQQ,qTIkvUR_ysc,3,0
2026-08-02,UCFFY072qzjDnmC_uA65zhQQ,qvWP9uPmD-Y,15,0
2026-08-02,UCFFY072qzjDnmC_uA65zhQQ,rSpIRpNrtto,10,0
2026-08-02,UCFFY072qzjDnmC_uA65zhQQ,ss_JrKiSyZw,5,0.2
2026-08-02,UCFFY072qzjDnmC_uA65zhQQ,taTgfz1dUAc,8,0
2026-08-02,UCFFY072qzjDnmC_uA65zhQQ,uULJgUopqWE,3,0
2026-08-02,UCFFY072qzjDnmC_uA65zhQQ,vD5KR4XrkLk,14,0
2026-08-02,UCFFY072qzjDnmC_uA65zhQQ,y5HbBNKzJ0c,3,0
2026-08-02,UCFFY072qzjDnmC_uA65zhQQ,yB05q6bx2eI,11,0
2026-08-02,UCFFY072qzjDnmC_uA65zhQQ,yF5ucLxQLsU,2,0
2026-08-02,UCFFY072qzjDnmC_uA65zhQQ,yz_uWHlsIF8,5,0
2026-08-03,UCFFY072qzjDnmC_uA65zhQQ,-7RNcKxLsWc,3,0
2026-08-03,UCFFY072qzjDnmC_uA65zhQQ,-KMuetmIAs0,8,0.125
2026-08-03,UCFFY072qzjDnmC_uA65zhQQ,-qTAD9VNJHg,2,0
2026-08-03,UCFFY072qzjDnmC_uA65zhQQ,0ZIO4anzY5I,7,0
2026-08-03,UCFFY072qzjDnmC_uA65zhQQ,1C8YIiELECI,1,0
2026-08-03,UCFFY072qzjDnmC_uA65zhQQ,1XNo0hTd1Kc,11,0
2026-08-03,UCFFY072qzjDnmC_uA65zhQQ,2PLwXk__E14,1,0
2026-08-03,UCFFY072qzjDnmC_uA65zhQQ,3s24LgNa3B0,4,0.25
2026-08-03,UCFFY072qzjDnmC_uA65zhQQ,4h2g5wBWqI4,10,0
2026-08-03,UCFFY072qzjDnmC_uA65zhQQ,4sxqdyUBRsI,1,0
2026-08-03,UCFFY072qzjDnmC_uA65zhQQ,5PsaPj_z7ts,1,0
2026-08-03,UCFFY072qzjDnmC_uA65zhQQ,6LlydS0_23w,3,0
2026-08-03,UCFFY072qzjDnmC_uA65zhQQ,744vAmBXikY,3,0
2026-08-03,UCFFY072qzjDnmC_uA65zhQQ,7JTpRZ6EAj4,7,0.14285714285714285
2026-08-03,UCFFY072qzjDnmC_uA65zhQQ,7sIU7b-5vCA,5,0
2026-08-03,UCFFY072qzjDnmC_uA65zhQQ,8P-YiIGlBjE,16,0
2026-08-03,UCFFY072qzjDnmC_uA65zhQQ,AJmfMOm5Sls,9,0
2026-08-03,UCFFY072qzjDnmC_uA65zhQQ,BTCe24GOWqk,18,0.055555555555555552
2026-08-03,UCFFY072qzjDnmC_uA65zhQQ,BuNbDIm2ieg,5,0
2026-08-03,UCFFY072qzjDnmC_uA65zhQQ,BvnWdTTwSys,9,0
2026-08-03,UCFFY072qzjDnmC_uA65zhQQ,CVCUMNF_koE,1,0
2026-08-03,UCFFY072qzjDnmC_uA65zhQQ,EPazhvJ7Jd0,5,0
2026-08-03,UCFFY072qzjDnmC_uA65zhQQ,EXv89Z4tXZ0,6,0
2026-08-03,UCFFY072qzjDnmC_uA65zhQQ,EwkXAwTL_QI,1,0
2026-08-03,UCFFY072qzjDnmC_uA65zhQQ,FQHJqEfpZz8,7,0
2026-08-03,UCFFY072qzjDnmC_uA65zhQQ,FZazL5XS_fw,2,0
2026-08-03,UCFFY072qzjDnmC_uA65zhQQ,FdWxDjGBIM4,8,0.125
2026-08-03,UCFFY072qzjDnmC_uA65zhQQ,GNVK5JQjXos,3,0
2026-08-03,UCFFY072qzjDnmC_uA65zhQQ,Gp0dyrxdI_0,9,0
2026-08-03,UCFFY072qzjDnmC_uA65zhQQ,IaCjWJ3vy48,14,0
2026-08-03,UCFFY072qzjDnmC_uA65zhQQ,IvAkc1fwzUc,6,0
2026-08-03,UCFFY072qzjDnmC_uA65zhQQ,J85xwjbTMgQ,4,0
2026-08-03,UCFFY072qzjDnmC_uA65zhQQ,Jlc-Jtd81o0,1,0
2026-08-03,UCFFY072qzjDnmC_uA65zhQQ,Klivqn7VoxY,8,0.25
2026-08-03,UCFFY072qzjDnmC_uA65zhQQ,KoVVQ_ay2Vg,1,0
2026-08-03,UCFFY072qzjDnmC_uA65zhQQ,LLXlFny9jYc,9,0
2026-08-03,UCFFY072qzjDnmC_uA65zhQQ,M64uEXXFdF8,29,0
2026-08-03,UCFFY072qzjDnmC_uA65zhQQ,MkDw5J3auiQ,1,0
2026-08-03,UCFFY072qzjDnmC_uA65zhQQ,NH01AGqUk98,7,0.14285714285714285
2026-08-03,UCFFY072qzjDnmC_uA65zhQQ,PGZEUuam-rA,7,0
2026-08-03,UCFFY072qzjDnmC_uA65zhQQ,Q__n0KC548c,14,0
2026-08-03,UCFFY072qzjDnmC_uA65zhQQ,QhRgPOmgBDU,2,0
2026-08-03,UCFFY072qzjDnmC_uA65zhQQ,RGVNMIv9NeA,6,0.5
2026-08-03,UCFFY072qzjDnmC_uA65zhQQ,RR9mLs5RgtA,3,0
2026-08-03,UCFFY072qzjDnmC_uA65zhQQ,RqNhgaAulhI,1,0
2026-08-03,UCFFY072qzjDnmC_uA65zhQQ,SPCRzy8PD3M,16,0
2026-08-03,UCFFY072qzjDnmC_uA65zhQQ,Soqxdzul340,69,0.043478260869565216
2026-08-03,UCFFY072qzjDnmC_uA65zhQQ,UffIvNL8fLg,10,0
2026-08-03,UCFFY072qzjDnmC_uA65zhQQ,VYcynJqnsyU,5,0
2026-08-03,UCFFY072qzjDnmC_uA65zhQQ,WpAYWow2Yuw,5,0
2026-08-03,UCFFY072qzjDnmC_uA65zhQQ,XD8tgLIwHvQ,5,0
2026-08-03,UCFFY072qzjDnmC_uA65zhQQ,YWrjNeKZBR8,43,0.13953488372093023
2026-08-03,UCFFY072qzjDnmC_uA65zhQQ,YrMnQa68sQc,1,0
2026-08-03,UCFFY072qzjDnmC_uA65zhQQ,Z4tzAXpPz0s,40,0.125
2026-08-03,UCFFY072qzjDnmC_uA65zhQQ,ZOBF9SJEjDU,1,0
2026-08-03,UCFFY072qzjDnmC_uA65zhQQ,ZsiHzy2w60o,9,0
2026-08-03,UCFFY072qzjDnmC_uA65zhQQ,ZzIrT1d2m4g,1,0
2026-08-03,UCFFY072qzjDnmC_uA65zhQQ,_3EAZlSh5zM,11,0
2026-08-03,UCFFY072qzjDnmC_uA65zhQQ,_mj3H2RN7Eg,1,0
2026-08-03,UCFFY072qzjDnmC_uA65zhQQ,aAso_jiDQhQ,6,0
2026-08-03,UCFFY072qzjDnmC_uA65zhQQ,b5judqdZ4eI,28,0.035714285714285712
2026-08-03,UCFFY072qzjDnmC_uA65zhQQ,bU-TYOpKgaQ,2,0
2026-08-03,UCFFY072qzjDnmC_uA65zhQQ,dR6SIFXqyLA,5,0.2
2026-08-03,UCFFY072qzjDnmC_uA65zhQQ,dTVe7fZeZbc,119,0.01680672268907563
2026-08-03,UCFFY072qzjDnmC_uA65zhQQ,e6JpvlA6f_4,22,0.090909090909090912
2026-08-03,UCFFY072qzjDnmC_uA65zhQQ,eH1CndEyHrc,4,0
2026-08-03,UCFFY072qzjDnmC_uA65zhQQ,f2T5LyFvhBM,1,0
2026-08-03,UCFFY072qzjDnmC_uA65zhQQ,f3GFgdZYHG4,3,0
2026-08-03,UCFFY072qzjDnmC_uA65zhQQ,fGezis2rjZA,2,0
2026-08-03,UCFFY072qzjDnmC_uA65zhQQ,f_G_acY5Jt4,1,0
2026-08-03,UCFFY072qzjDnmC_uA65zhQQ,h2mcGEc0hcY,27,0.07407407407407407
2026-08-03,UCFFY072qzjDnmC_uA65zhQQ,hudmiFcA57A,1,0
2026-08-03,UCFFY072qzjDnmC_uA65zhQQ,j2uFT1pKGPE,12,0.083333333333333329
2026-08-03,UCFFY072qzjDnmC_uA65zhQQ,j7xlFldh4gM,1,0
2026-08-03,UCFFY072qzjDnmC_uA65zhQQ,kWtTpnW-uW0,3,0
2026-08-03,UCFFY072qzjDnmC_uA65zhQQ,kduz9-W_3Y0,47,0.021276595744680851
2026-08-03,UCFFY072qzjDnmC_uA65zhQQ,l6jdNIJF3CQ,16,0.0625
2026-08-03,UCFFY072qzjDnmC_uA65zhQQ,lNqMWsD057k,1,0
2026-08-03,UCFFY072qzjDnmC_uA65zhQQ,mF_kzkE7IJ4,9,0.1111111111111111
2026-08-03,UCFFY072qzjDnmC_uA65zhQQ,mbAcnZ8BqBY,4,0
2026-08-03,UCFFY072qzjDnmC_uA65zhQQ,nOBtQ8KqMLY,3,0.33333333333333331
2026-08-03,UCFFY072qzjDnmC_uA65zhQQ,oI_yFGUHZY0,11,0.090909090909090912
2026-08-03,UCFFY072qzjDnmC_uA65zhQQ,of-AvGSADq8,32,0
2026-08-03,UCFFY072qzjDnmC_uA65zhQQ,pHK8uMvoDT4,3,0
2026-08-03,UCFFY072qzjDnmC_uA65zhQQ,pHU3663gH1I,6,0.16666666666666666
2026-08-03,UCFFY072qzjDnmC_uA65zhQQ,pyv1_pwtQg4,12,0
2026-08-03,UCFFY072qzjDnmC_uA65zhQQ,qTIkvUR_ysc,4,0
2026-08-03,UCFFY072qzjDnmC_uA65zhQQ,qvWP9uPmD-Y,17,0.058823529411764705
2026-08-03,UCFFY072qzjDnmC_uA65zhQQ,ss_JrKiSyZw,1,0
2026-08-03,UCFFY072qzjDnmC_uA65zhQQ,taTgfz1dUAc,16,0
2026-08-03,UCFFY072qzjDnmC_uA65zhQQ,uULJgUopqWE,9,0
2026-08-03,UCFFY072qzjDnmC_uA65zhQQ,vD5KR4XrkLk,7,0
2026-08-03,UCFFY072qzjDnmC_uA65zhQQ,y5HbBNKzJ0c,2,0
2026-08-03,UCFFY072qzjDnmC_uA65zhQQ,yB05q6bx2eI,11,0
2026-08-03,UCFFY072qzjDnmC_uA65zhQQ,yF5ucLxQLsU,3,0
2026-08-03,UCFFY072qzjDnmC_uA65zhQQ,yz_uWHlsIF8,5,0
2026-08-04,UCFFY072qzjDnmC_uA65zhQQ,-7RNcKxLsWc,10,0.1
2026-08-04,UCFFY072qzjDnmC_uA65zhQQ,-KMuetmIAs0,2,0
2026-08-04,UCFFY072qzjDnmC_uA65zhQQ,0ZIO4anzY5I,9,0
2026-08-04,UCFFY072qzjDnmC_uA65zhQQ,1C8YIiELECI,1,0
2026-08-04,UCFFY072qzjDnmC_uA65zhQQ,1XNo0hTd1Kc,2,0
2026-08-04,UCFFY072qzjDnmC_uA65zhQQ,2PLwXk__E14,3,0.66666666666666663
2026-08-04,UCFFY072qzjDnmC_uA65zhQQ,3s24LgNa3B0,21,0
2026-08-04,UCFFY072qzjDnmC_uA65zhQQ,4h2g5wBWqI4,3,0
2026-08-04,UCFFY072qzjDnmC_uA65zhQQ,4sxqdyUBRsI,8,0.125
2026-08-04,UCFFY072qzjDnmC_uA65zhQQ,6LlydS0_23w,8,0
2026-08-04,UCFFY072qzjDnmC_uA65zhQQ,744vAmBXikY,5,0
2026-08-04,UCFFY072qzjDnmC_uA65zhQQ,7JTpRZ6EAj4,4,0.25
2026-08-04,UCFFY072qzjDnmC_uA65zhQQ,7sIU7b-5vCA,7,0.14285714285714285
2026-08-04,UCFFY072qzjDnmC_uA65zhQQ,8P-YiIGlBjE,13,0
2026-08-04,UCFFY072qzjDnmC_uA65zhQQ,9qhfAvXGR1U,1,0
2026-08-04,UCFFY072qzjDnmC_uA65zhQQ,AJmfMOm5Sls,7,0
2026-08-04,UCFFY072qzjDnmC_uA65zhQQ,BTCe24GOWqk,24,0.083333333333333329
2026-08-04,UCFFY072qzjDnmC_uA65zhQQ,BuNbDIm2ieg,5,0
2026-08-04,UCFFY072qzjDnmC_uA65zhQQ,BvnWdTTwSys,18,0
2026-08-04,UCFFY072qzjDnmC_uA65zhQQ,CVCUMNF_koE,2,0
2026-08-04,UCFFY072qzjDnmC_uA65zhQQ,DIhEv0TjUkY,8,0
2026-08-04,UCFFY072qzjDnmC_uA65zhQQ,EPazhvJ7Jd0,3,0
2026-08-04,UCFFY072qzjDnmC_uA65zhQQ,EXv89Z4tXZ0,7,0.14285714285714285
2026-08-04,UCFFY072qzjDnmC_uA65zhQQ,FQHJqEfpZz8,7,0.2857142857142857
2026-08-04,UCFFY072qzjDnmC_uA65zhQQ,FZazL5XS_fw,1,0
2026-08-04,UCFFY072qzjDnmC_uA65zhQQ,FdWxDjGBIM4,10,0
2026-08-04,UCFFY072qzjDnmC_uA65zhQQ,GNVK5JQjXos,7,0
2026-08-04,UCFFY072qzjDnmC_uA65zhQQ,Gp0dyrxdI_0,13,0
2026-08-04,UCFFY072qzjDnmC_uA65zhQQ,IaCjWJ3vy48,20,0.05
2026-08-04,UCFFY072qzjDnmC_uA65zhQQ,IvAkc1fwzUc,9,0
2026-08-04,UCFFY072qzjDnmC_uA65zhQQ,J85xwjbTMgQ,1,0
2026-08-04,UCFFY072qzjDnmC_uA65zhQQ,Jlc-Jtd81o0,1,0
2026-08-04,UCFFY072qzjDnmC_uA65zhQQ,Klivqn7VoxY,2,0.5
2026-08-04,UCFFY072qzjDnmC_uA65zhQQ,KoVVQ_ay2Vg,2,0
2026-08-04,UCFFY072qzjDnmC_uA65zhQQ,LLXlFny9jYc,7,0
2026-08-04,UCFFY072qzjDnmC_uA65zhQQ,M64uEXXFdF8,23,0
2026-08-04,UCFFY072qzjDnmC_uA65zhQQ,MkDw5J3auiQ,1,0
2026-08-04,UCFFY072qzjDnmC_uA65zhQQ,PGZEUuam-rA,21,0
2026-08-04,UCFFY072qzjDnmC_uA65zhQQ,Q__n0KC548c,7,0
2026-08-04,UCFFY072qzjDnmC_uA65zhQQ,QhRgPOmgBDU,1,0
2026-08-04,UCFFY072qzjDnmC_uA65zhQQ,RGVNMIv9NeA,3,0
2026-08-04,UCFFY072qzjDnmC_uA65zhQQ,SPCRzy8PD3M,20,0.15
2026-08-04,UCFFY072qzjDnmC_uA65zhQQ,Soqxdzul340,46,0
2026-08-04,UCFFY072qzjDnmC_uA65zhQQ,UffIvNL8fLg,7,0
2026-08-04,UCFFY072qzjDnmC_uA65zhQQ,VYcynJqnsyU,6,0
2026-08-04,UCFFY072qzjDnmC_uA65zhQQ,YWrjNeKZBR8,39,0
2026-08-04,UCFFY072qzjDnmC_uA65zhQQ,YrMnQa68sQc,1,0
2026-08-04,UCFFY072qzjDnmC_uA65zhQQ,Z4tzAXpPz0s,22,0.045454545454545456
2026-08-04,UCFFY072qzjDnmC_uA65zhQQ,ZOBF9SJEjDU,1,0
2026-08-04,UCFFY072qzjDnmC_uA65zhQQ,ZsiHzy2w60o,3,0
2026-08-04,UCFFY072qzjDnmC_uA65zhQQ,ZzIrT1d2m4g,2,0
2026-08-04,UCFFY072qzjDnmC_uA65zhQQ,_3EAZlSh5zM,9,0
2026-08-04,UCFFY072qzjDnmC_uA65zhQQ,_mj3H2RN7Eg,9,0
2026-08-04,UCFFY072qzjDnmC_uA65zhQQ,aAso_jiDQhQ,6,0
2026-08-04,UCFFY072qzjDnmC_uA65zhQQ,b5judqdZ4eI,29,0.034482758620689655
2026-08-04,UCFFY072qzjDnmC_uA65zhQQ,bU-TYOpKgaQ,6,0
2026-08-04,UCFFY072qzjDnmC_uA65zhQQ,cuI3UY3v3gI,1,0
2026-08-04,UCFFY072qzjDnmC_uA65zhQQ,dR6SIFXqyLA,10,0.2
2026-08-04,UCFFY072qzjDnmC_uA65zhQQ,dTVe7fZeZbc,176,0.011363636363636364
2026-08-04,UCFFY072qzjDnmC_uA65zhQQ,e6JpvlA6f_4,10,0.1
2026-08-04,UCFFY072qzjDnmC_uA65zhQQ,eGedfjRrI5w,3,0
2026-08-04,UCFFY072qzjDnmC_uA65zhQQ,f2T5LyFvhBM,1,0
2026-08-04,UCFFY072qzjDnmC_uA65zhQQ,f_G_acY5Jt4,13,0
2026-08-04,UCFFY072qzjDnmC_uA65zhQQ,h2mcGEc0hcY,17,0.11764705882352941
2026-08-04,UCFFY072qzjDnmC_uA65zhQQ,j2uFT1pKGPE,7,0.2857142857142857
2026-08-04,UCFFY072qzjDnmC_uA65zhQQ,j7xlFldh4gM,1,0
2026-08-04,UCFFY072qzjDnmC_uA65zhQQ,jW3y87r-g8k,3,0
2026-08-04,UCFFY072qzjDnmC_uA65zhQQ,kWtTpnW-uW0,2,0
2026-08-04,UCFFY072qzjDnmC_uA65zhQQ,kduz9-W_3Y0,23,0.086956521739130432
2026-08-04,UCFFY072qzjDnmC_uA65zhQQ,l6jdNIJF3CQ,10,0
2026-08-04,UCFFY072qzjDnmC_uA65zhQQ,mF_kzkE7IJ4,6,0
2026-08-04,UCFFY072qzjDnmC_uA65zhQQ,mbAcnZ8BqBY,7,0
2026-08-04,UCFFY072qzjDnmC_uA65zhQQ,nOBtQ8KqMLY,2,0
2026-08-04,UCFFY072qzjDnmC_uA65zhQQ,oI_yFGUHZY0,4,0
2026-08-04,UCFFY072qzjDnmC_uA65zhQQ,of-AvGSADq8,31,0
2026-08-04,UCFFY072qzjDnmC_uA65zhQQ,pHK8uMvoDT4,10,0
2026-08-04,UCFFY072qzjDnmC_uA65zhQQ,pHU3663gH1I,1,1
2026-08-04,UCFFY072qzjDnmC_uA65zhQQ,pyv1_pwtQg4,77,0
2026-08-04,UCFFY072qzjDnmC_uA65zhQQ,q1uDScvMQfg,2,0
2026-08-04,UCFFY072qzjDnmC_uA65zhQQ,qTIkvUR_ysc,11,0
2026-08-04,UCFFY072qzjDnmC_uA65zhQQ,qvWP9uPmD-Y,18,0
2026-08-04,UCFFY072qzjDnmC_uA65zhQQ,rAAA7glPy5o,2,0
2026-08-04,UCFFY072qzjDnmC_uA65zhQQ,rSpIRpNrtto,2,0
2026-08-04,UCFFY072qzjDnmC_uA65zhQQ,ss_JrKiSyZw,5,0.2
2026-08-04,UCFFY072qzjDnmC_uA65zhQQ,taTgfz1dUAc,4,0
2026-08-04,UCFFY072qzjDnmC_uA65zhQQ,uULJgUopqWE,21,0
2026-08-04,UCFFY072qzjDnmC_uA65zhQQ,vD5KR4XrkLk,8,0.125
2026-08-04,UCFFY072qzjDnmC_uA65zhQQ,xEkmwt0UHYs,1,0
2026-08-04,UCFFY072qzjDnmC_uA65zhQQ,y5HbBNKzJ0c,3,0
2026-08-04,UCFFY072qzjDnmC_uA65zhQQ,yB05q6bx2eI,8,0.125
2026-08-04,UCFFY072qzjDnmC_uA65zhQQ,yF5ucLxQLsU,1,0
2026-08-04,UCFFY072qzjDnmC_uA65zhQQ,yz_uWHlsIF8,1,0
2026-08-05,UCFFY072qzjDnmC_uA65zhQQ,-7RNcKxLsWc,3,0
2026-08-05,UCFFY072qzjDnmC_uA65zhQQ,-KMuetmIAs0,12,0
2026-08-05,UCFFY072qzjDnmC_uA65zhQQ,-qTAD9VNJHg,1,0
2026-08-05,UCFFY072qzjDnmC_uA65zhQQ,0ZIO4anzY5I,6,0.16666666666666666
2026-08-05,UCFFY072qzjDnmC_uA65zhQQ,1C8YIiELECI,2,0
2026-08-05,UCFFY072qzjDnmC_uA65zhQQ,1XNo0hTd1Kc,5,0.2
2026-08-05,UCFFY072qzjDnmC_uA65zhQQ,2PLwXk__E14,2,0
2026-08-05,UCFFY072qzjDnmC_uA65zhQQ,3s24LgNa3B0,7,0
2026-08-05,UCFFY072qzjDnmC_uA65zhQQ,4h2g5wBWqI4,15,0
2026-08-05,UCFFY072qzjDnmC_uA65zhQQ,4sxqdyUBRsI,4,0
2026-08-05,UCFFY072qzjDnmC_uA65zhQQ,5PsaPj_z7ts,2,0
2026-08-05,UCFFY072qzjDnmC_uA65zhQQ,6LlydS0_23w,14,0
2026-08-05,UCFFY072qzjDnmC_uA65zhQQ,7JTpRZ6EAj4,11,0.18181818181818182
2026-08-05,UCFFY072qzjDnmC_uA65zhQQ,7sIU7b-5vCA,9,0
2026-08-05,UCFFY072qzjDnmC_uA65zhQQ,8P-YiIGlBjE,13,0.15384615384615385
2026-08-05,UCFFY072qzjDnmC_uA65zhQQ,AJmfMOm5Sls,16,0
2026-08-05,UCFFY072qzjDnmC_uA65zhQQ,BTCe24GOWqk,13,0.15384615384615385
2026-08-05,UCFFY072qzjDnmC_uA65zhQQ,BuNbDIm2ieg,24,0
2026-08-05,UCFFY072qzjDnmC_uA65zhQQ,BvnWdTTwSys,21,0
2026-08-05,UCFFY072qzjDnmC_uA65zhQQ,CVCUMNF_koE,4,0
2026-08-05,UCFFY072qzjDnmC_uA65zhQQ,D5PP0Ghhk_g,515,0.015533980582524271
2026-08-05,UCFFY072qzjDnmC_uA65zhQQ,DIhEv0TjUkY,2,0
2026-08-05,UCFFY072qzjDnmC_uA65zhQQ,EPazhvJ7Jd0,5,0
2026-08-05,UCFFY072qzjDnmC_uA65zhQQ,EXv89Z4tXZ0,14,0.071428571428571425
2026-08-05,UCFFY072qzjDnmC_uA65zhQQ,EwkXAwTL_QI,2,0
2026-08-05,UCFFY072qzjDnmC_uA65zhQQ,FQHJqEfpZz8,9,0.1111111111111111
2026-08-05,UCFFY072qzjDnmC_uA65zhQQ,FdWxDjGBIM4,9,0
2026-08-05,UCFFY072qzjDnmC_uA65zhQQ,GNVK5JQjXos,7,0.14285714285714285
2026-08-05,UCFFY072qzjDnmC_uA65zhQQ,Gp0dyrxdI_0,16,0
2026-08-05,UCFFY072qzjDnmC_uA65zhQQ,IaCjWJ3vy48,36,0.1111111111111111
2026-08-05,UCFFY072qzjDnmC_uA65zhQQ,IvAkc1fwzUc,9,0
2026-08-05,UCFFY072qzjDnmC_uA65zhQQ,J85xwjbTMgQ,2,0
2026-08-05,UCFFY072qzjDnmC_uA65zhQQ,Klivqn7VoxY,6,0
2026-08-05,UCFFY072qzjDnmC_uA65zhQQ,KoVVQ_ay2Vg,1,0
2026-08-05,UCFFY072qzjDnmC_uA65zhQQ,LLXlFny9jYc,4,0
2026-08-05,UCFFY072qzjDnmC_uA65zhQQ,M64uEXXFdF8,22,0
2026-08-05,UCFFY072qzjDnmC_uA65zhQQ,MIl3uXiC4bQ,1,0
2026-08-05,UCFFY072qzjDnmC_uA65zhQQ,MkDw5J3auiQ,1,0
2026-08-05,UCFFY072qzjDnmC_uA65zhQQ,NH01AGqUk98,3,0
2026-08-05,UCFFY072qzjDnmC_uA65zhQQ,PGZEUuam-rA,23,0
2026-08-05,UCFFY072qzjDnmC_uA65zhQQ,Q__n0KC548c,6,0
2026-08-05,UCFFY072qzjDnmC_uA65zhQQ,QhRgPOmgBDU,2,0.5
2026-08-05,UCFFY072qzjDnmC_uA65zhQQ,RGVNMIv9NeA,1,0
2026-08-05,UCFFY072qzjDnmC_uA65zhQQ,RR9mLs5RgtA,3,0
2026-08-05,UCFFY072qzjDnmC_uA65zhQQ,RqNhgaAulhI,2,0
2026-08-05,UCFFY072qzjDnmC_uA65zhQQ,SPCRzy8PD3M,18,0
2026-08-05,UCFFY072qzjDnmC_uA65zhQQ,Soqxdzul340,105,0.0095238095238095247
2026-08-05,UCFFY072qzjDnmC_uA65zhQQ,UffIvNL8fLg,11,0
2026-08-05,UCFFY072qzjDnmC_uA65zhQQ,VYcynJqnsyU,8,0
2026-08-05,UCFFY072qzjDnmC_uA65zhQQ,WpAYWow2Yuw,1,0
2026-08-05,UCFFY072qzjDnmC_uA65zhQQ,XD8tgLIwHvQ,8,0.125
2026-08-05,UCFFY072qzjDnmC_uA65zhQQ,XQ-E73dLxTE,1,0
2026-08-05,UCFFY072qzjDnmC_uA65zhQQ,YWrjNeKZBR8,48,0.020833333333333332
2026-08-05,UCFFY072qzjDnmC_uA65zhQQ,YrMnQa68sQc,3,0
2026-08-05,UCFFY072qzjDnmC_uA65zhQQ,Z4tzAXpPz0s,30,0.1
2026-08-05,UCFFY072qzjDnmC_uA65zhQQ,ZOBF9SJEjDU,2,0
2026-08-05,UCFFY072qzjDnmC_uA65zhQQ,ZsiHzy2w60o,8,0
2026-08-05,UCFFY072qzjDnmC_uA65zhQQ,ZzIrT1d2m4g,4,0
2026-08-05,UCFFY072qzjDnmC_uA65zhQQ,_3EAZlSh5zM,14,0.071428571428571425
2026-08-05,UCFFY072qzjDnmC_uA65zhQQ,_mj3H2RN7Eg,6,0.16666666666666666
2026-08-05,UCFFY072qzjDnmC_uA65zhQQ,aAso_jiDQhQ,13,0.076923076923076927
2026-08-05,UCFFY072qzjDnmC_uA65zhQQ,b5judqdZ4eI,29,0
2026-08-05,UCFFY072qzjDnmC_uA65zhQQ,bU-TYOpKgaQ,2,0
2026-08-05,UCFFY072qzjDnmC_uA65zhQQ,dR6SIFXqyLA,10,0
2026-08-05,UCFFY072qzjDnmC_uA65zhQQ,dTVe7fZeZbc,396,0.032828282828282832
2026-08-05,UCFFY072qzjDnmC_uA65zhQQ,e6JpvlA6f_4,17,0.058823529411764705
2026-08-05,UCFFY072qzjDnmC_uA65zhQQ,eH1CndEyHrc,1,0
2026-08-05,UCFFY072qzjDnmC_uA65zhQQ,f2T5LyFvhBM,1,0
2026-08-05,UCFFY072qzjDnmC_uA65zhQQ,f3GFgdZYHG4,4,0.25
2026-08-05,UCFFY072qzjDnmC_uA65zhQQ,fGezis2rjZA,2,0
2026-08-05,UCFFY072qzjDnmC_uA65zhQQ,f_G_acY5Jt4,56,0.017857142857142856
2026-08-05,UCFFY072qzjDnmC_uA65zhQQ,gLUZAvea2oc,1,0
2026-08-05,UCFFY072qzjDnmC_uA65zhQQ,h2mcGEc0hcY,19,0.21052631578947367
2026-08-05,UCFFY072qzjDnmC_uA65zhQQ,hudmiFcA57A,2,0
2026-08-05,UCFFY072qzjDnmC_uA65zhQQ,j2uFT1pKGPE,8,0
2026-08-05,UCFFY072qzjDnmC_uA65zhQQ,j7xlFldh4gM,2,0
2026-08-05,UCFFY072qzjDnmC_uA65zhQQ,jW3y87r-g8k,2,0
2026-08-05,UCFFY072qzjDnmC_uA65zhQQ,kWtTpnW-uW0,1,0
2026-08-05,UCFFY072qzjDnmC_uA65zhQQ,kduz9-W_3Y0,41,0.12195121951219512
2026-08-05,UCFFY072qzjDnmC_uA65zhQQ,l6jdNIJF3CQ,8,0
2026-08-05,UCFFY072qzjDnmC_uA65zhQQ,lNqMWsD057k,2,0
2026-08-05,UCFFY072qzjDnmC_uA65zhQQ,mF_kzkE7IJ4,22,0
2026-08-05,UCFFY072qzjDnmC_uA65zhQQ,mbAcnZ8BqBY,3,0
2026-08-05,UCFFY072qzjDnmC_uA65zhQQ,nOBtQ8KqMLY,10,0
2026-08-05,UCFFY072qzjDnmC_uA65zhQQ,oI_yFGUHZY0,7,0
2026-08-05,UCFFY072qzjDnmC_uA65zhQQ,of-AvGSADq8,59,0
2026-08-05,UCFFY072qzjDnmC_uA65zhQQ,pHK8uMvoDT4,16,0.0625
2026-08-05,UCFFY072qzjDnmC_uA65zhQQ,pHU3663gH1I,1,0
2026-08-05,UCFFY072qzjDnmC_uA65zhQQ,pyv1_pwtQg4,54,0
2026-08-05,UCFFY072qzjDnmC_uA65zhQQ,qTIkvUR_ysc,2,0
2026-08-05,UCFFY072qzjDnmC_uA65zhQQ,qvWP9uPmD-Y,16,0
2026-08-05,UCFFY072qzjDnmC_uA65zhQQ,rSpIRpNrtto,7,0.14285714285714285
2026-08-05,UCFFY072qzjDnmC_uA65zhQQ,ss_JrKiSyZw,2,0
2026-08-05,UCFFY072qzjDnmC_uA65zhQQ,taTgfz1dUAc,12,0
2026-08-05,UCFFY072qzjDnmC_uA65zhQQ,uULJgUopqWE,46,0
2026-08-05,UCFFY072qzjDnmC_uA65zhQQ,vD5KR4XrkLk,17,0
2026-08-05,UCFFY072qzjDnmC_uA65zhQQ,wezZH8qpWyY,3,0
2026-08-05,UCFFY072qzjDnmC_uA65zhQQ,y5HbBNKzJ0c,2,0
2026-08-05,UCFFY072qzjDnmC_uA65zhQQ,yB05q6bx2eI,7,0
2026-08-05,UCFFY072qzjDnmC_uA65zhQQ,yF5ucLxQLsU,1,0
2026-08-05,UCFFY072qzjDnmC_uA65zhQQ,yz_uWHlsIF8,2,0
2026-08-06,UCFFY072qzjDnmC_uA65zhQQ,-7RNcKxLsWc,7,0
2026-08-06,UCFFY072qzjDnmC_uA65zhQQ,-KMuetmIAs0,5,0
2026-08-06,UCFFY072qzjDnmC_uA65zhQQ,-qTAD9VNJHg,1,0
2026-08-06,UCFFY072qzjDnmC_uA65zhQQ,0ZIO4anzY5I,20,0
2026-08-06,UCFFY072qzjDnmC_uA65zhQQ,1C8YIiELECI,1,0
2026-08-06,UCFFY072qzjDnmC_uA65zhQQ,1XNo0hTd1Kc,1,0
2026-08-06,UCFFY072qzjDnmC_uA65zhQQ,3s24LgNa3B0,5,0
2026-08-06,UCFFY072qzjDnmC_uA65zhQQ,3ywF6CtsAk8,5,0
2026-08-06,UCFFY072qzjDnmC_uA65zhQQ,4h2g5wBWqI4,1,0
2026-08-06,UCFFY072qzjDnmC_uA65zhQQ,4sxqdyUBRsI,4,0
2026-08-06,UCFFY072qzjDnmC_uA65zhQQ,6LlydS0_23w,7,0.14285714285714285
2026-08-06,UCFFY072qzjDnmC_uA65zhQQ,744vAmBXikY,2,0
2026-08-06,UCFFY072qzjDnmC_uA65zhQQ,7JTpRZ6EAj4,7,0.2857142857142857
2026-08-06,UCFFY072qzjDnmC_uA65zhQQ,7bs6ELSOGFg,2,0
2026-08-06,UCFFY072qzjDnmC_uA65zhQQ,7sIU7b-5vCA,5,0
2026-08-06,UCFFY072qzjDnmC_uA65zhQQ,8P-YiIGlBjE,15,0.13333333333333333
2026-08-06,UCFFY072qzjDnmC_uA65zhQQ,AJmfMOm5Sls,4,0
2026-08-06,UCFFY072qzjDnmC_uA65zhQQ,BTCe24GOWqk,7,0.14285714285714285
2026-08-06,UCFFY072qzjDnmC_uA65zhQQ,BuNbDIm2ieg,4,0.25
2026-08-06,UCFFY072qzjDnmC_uA65zhQQ,BvnWdTTwSys,26,0
2026-08-06,UCFFY072qzjDnmC_uA65zhQQ,CVCUMNF_koE,2,0
2026-08-06,UCFFY072qzjDnmC_uA65zhQQ,D5PP0Ghhk_g,313,0.022364217252396165
2026-08-06,UCFFY072qzjDnmC_uA65zhQQ,DIhEv0TjUkY,4,0
2026-08-06,UCFFY072qzjDnmC_uA65zhQQ,EPazhvJ7Jd0,28,0
2026-08-06,UCFFY072qzjDnmC_uA65zhQQ,EXv89Z4tXZ0,26,0.076923076923076927
2026-08-06,UCFFY072qzjDnmC_uA65zhQQ,EwkXAwTL_QI,1,1
2026-08-06,UCFFY072qzjDnmC_uA65zhQQ,FQHJqEfpZz8,15,0
2026-08-06,UCFFY072qzjDnmC_uA65zhQQ,FdWxDjGBIM4,5,0
2026-08-06,UCFFY072qzjDnmC_uA65zhQQ,GNVK5JQjXos,1,0
2026-08-06,UCFFY072qzjDnmC_uA65zhQQ,Gp0dyrxdI_0,4,0
2026-08-06,UCFFY072qzjDnmC_uA65zhQQ,HXCcgOM0Uws,1,0
2026-08-06,UCFFY072qzjDnmC_uA65zhQQ,IaCjWJ3vy48,20,0.15
2026-08-06,UCFFY072qzjDnmC_uA65zhQQ,IvAkc1fwzUc,9,0
2026-08-06,UCFFY072qzjDnmC_uA65zhQQ,J85xwjbTMgQ,1,0
2026-08-06,UCFFY072qzjDnmC_uA65zhQQ,Jlc-Jtd81o0,1,0
2026-08-06,UCFFY072qzjDnmC_uA65zhQQ,Klgx3o8dnlA,1380,0.15072463768115943
2026-08-06,UCFFY072qzjDnmC_uA65zhQQ,Klivqn7VoxY,3,0
2026-08-06,UCFFY072qzjDnmC_uA65zhQQ,KoVVQ_ay2Vg,4,0
2026-08-06,UCFFY072qzjDnmC_uA65zhQQ,LLXlFny9jYc,3,0
2026-08-06,UCFFY072qzjDnmC_uA65zhQQ,M64uEXXFdF8,26,0
2026-08-06,UCFFY072qzjDnmC_uA65zhQQ,PGZEUuam-rA,18,0
2026-08-06,UCFFY072qzjDnmC_uA65zhQQ,Q__n0KC548c,8,0
2026-08-06,UCFFY072qzjDnmC_uA65zhQQ,QhRgPOmgBDU,7,0.14285714285714285
2026-08-06,UCFFY072qzjDnmC_uA65zhQQ,RGVNMIv9NeA,1,0
2026-08-06,UCFFY072qzjDnmC_uA65zhQQ,SPCRzy8PD3M,26,0.038461538461538464
2026-08-06,UCFFY072qzjDnmC_uA65zhQQ,Soqxdzul340,66,0.060606060606060608
2026-08-06,UCFFY072qzjDnmC_uA65zhQQ,UffIvNL8fLg,19,0.052631578947368418
2026-08-06,UCFFY072qzjDnmC_uA65zhQQ,VYcynJqnsyU,11,0
2026-08-06,UCFFY072qzjDnmC_uA65zhQQ,WpAYWow2Yuw,3,0
2026-08-06,UCFFY072qzjDnmC_uA65zhQQ,XD8tgLIwHvQ,4,0
2026-08-06,UCFFY072qzjDnmC_uA65zhQQ,YWrjNeKZBR8,54,0.037037037037037035
2026-08-06,UCFFY072qzjDnmC_uA65zhQQ,YrMnQa68sQc,2,0
2026-08-06,UCFFY072qzjDnmC_uA65zhQQ,Z4tzAXpPz0s,31,0.0967741935483871
2026-08-06,UCFFY072qzjDnmC_uA65zhQQ,ZsiHzy2w60o,6,0.16666666666666666
2026-08-06,UCFFY072qzjDnmC_uA65zhQQ,ZzIrT1d2m4g,5,0
2026-08-06,UCFFY072qzjDnmC_uA65zhQQ,_3EAZlSh5zM,9,0
2026-08-06,UCFFY072qzjDnmC_uA65zhQQ,_mj3H2RN7Eg,1,0
2026-08-06,UCFFY072qzjDnmC_uA65zhQQ,aAso_jiDQhQ,4,0
2026-08-06,UCFFY072qzjDnmC_uA65zhQQ,b5judqdZ4eI,17,0.11764705882352941
2026-08-06,UCFFY072qzjDnmC_uA65zhQQ,bU-TYOpKgaQ,3,0
2026-08-06,UCFFY072qzjDnmC_uA65zhQQ,cuI3UY3v3gI,1,0
2026-08-06,UCFFY072qzjDnmC_uA65zhQQ,dR6SIFXqyLA,5,0
2026-08-06,UCFFY072qzjDnmC_uA65zhQQ,dTVe7fZeZbc,497,0.022132796780684104
2026-08-06,UCFFY072qzjDnmC_uA65zhQQ,e6JpvlA6f_4,6,0
2026-08-06,UCFFY072qzjDnmC_uA65zhQQ,eGedfjRrI5w,1,0
2026-08-06,UCFFY072qzjDnmC_uA65zhQQ,eH1CndEyHrc,2,0
2026-08-06,UCFFY072qzjDnmC_uA65zhQQ,f3GFgdZYHG4,10,0
2026-08-06,UCFFY072qzjDnmC_uA65zhQQ,f_G_acY5Jt4,17,0
2026-08-06,UCFFY072qzjDnmC_uA65zhQQ,h2mcGEc0hcY,21,0.095238095238095233
2026-08-06,UCFFY072qzjDnmC_uA65zhQQ,j2uFT1pKGPE,16,0
2026-08-06,UCFFY072qzjDnmC_uA65zhQQ,kWtTpnW-uW0,2,0
2026-08-06,UCFFY072qzjDnmC_uA65zhQQ,kduz9-W_3Y0,28,0.35714285714285715
2026-08-06,UCFFY072qzjDnmC_uA65zhQQ,l6jdNIJF3CQ,8,0
2026-08-06,UCFFY072qzjDnmC_uA65zhQQ,mF_kzkE7IJ4,8,0.125
2026-08-06,UCFFY072qzjDnmC_uA65zhQQ,mbAcnZ8BqBY,3,0
2026-08-06,UCFFY072qzjDnmC_uA65zhQQ,nOBtQ8KqMLY,5,0
2026-08-06,UCFFY072qzjDnmC_uA65zhQQ,oI_yFGUHZY0,5,0
2026-08-06,UCFFY072qzjDnmC_uA65zhQQ,of-AvGSADq8,65,0.030769230769230771
2026-08-06,UCFFY072qzjDnmC_uA65zhQQ,pHK8uMvoDT4,6,0
2026-08-06,UCFFY072qzjDnmC_uA65zhQQ,pyv1_pwtQg4,3,0
2026-08-06,UCFFY072qzjDnmC_uA65zhQQ,q1uDScvMQfg,1,0
2026-08-06,UCFFY072qzjDnmC_uA65zhQQ,qTIkvUR_ysc,6,0
2026-08-06,UCFFY072qzjDnmC_uA65zhQQ,qvWP9uPmD-Y,23,0.043478260869565216
2026-08-06,UCFFY072qzjDnmC_uA65zhQQ,rAAA7glPy5o,1,0
2026-08-06,UCFFY072qzjDnmC_uA65zhQQ,rSpIRpNrtto,1,0
2026-08-06,UCFFY072qzjDnmC_uA65zhQQ,ss_JrKiSyZw,4,0.25
2026-08-06,UCFFY072qzjDnmC_uA65zhQQ,taTgfz1dUAc,32,0
2026-08-06,UCFFY072qzjDnmC_uA65zhQQ,uULJgUopqWE,34,0
2026-08-06,UCFFY072qzjDnmC_uA65zhQQ,vD5KR4XrkLk,70,0.057142857142857141
2026-08-06,UCFFY072qzjDnmC_uA65zhQQ,wezZH8qpWyY,5,0
2026-08-06,UCFFY072qzjDnmC_uA65zhQQ,yB05q6bx2eI,18,0.055555555555555552
2026-08-07,UCFFY072qzjDnmC_uA65zhQQ,-7RNcKxLsWc,10,0.1
2026-08-07,UCFFY072qzjDnmC_uA65zhQQ,-KMuetmIAs0,5,0
2026-08-07,UCFFY072qzjDnmC_uA65zhQQ,-qTAD9VNJHg,1,0
2026-08-07,UCFFY072qzjDnmC_uA65zhQQ,-vseQgEaQd8,1,0
2026-08-07,UCFFY072qzjDnmC_uA65zhQQ,0ZIO4anzY5I,14,0
2026-08-07,UCFFY072qzjDnmC_uA65zhQQ,1C8YIiELECI,1,0
2026-08-07,UCFFY072qzjDnmC_uA65zhQQ,1XNo0hTd1Kc,5,0
2026-08-07,UCFFY072qzjDnmC_uA65zhQQ,3s24LgNa3B0,10,0.2
2026-08-07,UCFFY072qzjDnmC_uA65zhQQ,3ywF6CtsAk8,235,0.038297872340425532
2026-08-07,UCFFY072qzjDnmC_uA65zhQQ,4h2g5wBWqI4,2,0
2026-08-07,UCFFY072qzjDnmC_uA65zhQQ,4sxqdyUBRsI,3,0
2026-08-07,UCFFY072qzjDnmC_uA65zhQQ,6LlydS0_23w,7,0
2026-08-07,UCFFY072qzjDnmC_uA65zhQQ,744vAmBXikY,6,0
2026-08-07,UCFFY072qzjDnmC_uA65zhQQ,7JTpRZ6EAj4,9,0.22222222222222221
2026-08-07,UCFFY072qzjDnmC_uA65zhQQ,7sIU7b-5vCA,7,0
2026-08-07,UCFFY072qzjDnmC_uA65zhQQ,8P-YiIGlBjE,14,0.14285714285714285
2026-08-07,UCFFY072qzjDnmC_uA65zhQQ,9qhfAvXGR1U,1,0
2026-08-07,UCFFY072qzjDnmC_uA65zhQQ,AJmfMOm5Sls,16,0
2026-08-07,UCFFY072qzjDnmC_uA65zhQQ,BTCe24GOWqk,9,0
2026-08-07,UCFFY072qzjDnmC_uA65zhQQ,BuNbDIm2ieg,5,0
2026-08-07,UCFFY072qzjDnmC_uA65zhQQ,BvnWdTTwSys,29,0
2026-08-07,UCFFY072qzjDnmC_uA65zhQQ,D5PP0Ghhk_g,87,0.080459770114942528
2026-08-07,UCFFY072qzjDnmC_uA65zhQQ,DIhEv0TjUkY,6,0
2026-08-07,UCFFY072qzjDnmC_uA65zhQQ,EPazhvJ7Jd0,10,0
2026-08-07,UCFFY072qzjDnmC_uA65zhQQ,EXv89Z4tXZ0,60,0.05
2026-08-07,UCFFY072qzjDnmC_uA65zhQQ,FQHJqEfpZz8,4,0
2026-08-07,UCFFY072qzjDnmC_uA65zhQQ,FdWxDjGBIM4,9,0
2026-08-07,UCFFY072qzjDnmC_uA65zhQQ,GNVK5JQjXos,3,0
2026-08-07,UCFFY072qzjDnmC_uA65zhQQ,Gp0dyrxdI_0,35,0
2026-08-07,UCFFY072qzjDnmC_uA65zhQQ,HXCcgOM0Uws,6,0
2026-08-07,UCFFY072qzjDnmC_uA65zhQQ,IaCjWJ3vy48,6,0
2026-08-07,UCFFY072qzjDnmC_uA65zhQQ,IvAkc1fwzUc,4,0
2026-08-07,UCFFY072qzjDnmC_uA65zhQQ,J85xwjbTMgQ,1,0
2026-08-07,UCFFY072qzjDnmC_uA65zhQQ,Klgx3o8dnlA,306,0.10457516339869281
2026-08-07,UCFFY072qzjDnmC_uA65zhQQ,Klivqn7VoxY,3,0
2026-08-07,UCFFY072qzjDnmC_uA65zhQQ,KoVVQ_ay2Vg,1,0
2026-08-07,UCFFY072qzjDnmC_uA65zhQQ,LLXlFny9jYc,9,0
2026-08-07,UCFFY072qzjDnmC_uA65zhQQ,M64uEXXFdF8,17,0
2026-08-07,UCFFY072qzjDnmC_uA65zhQQ,NH01AGqUk98,1,0
2026-08-07,UCFFY072qzjDnmC_uA65zhQQ,PGZEUuam-rA,37,0.081081081081081086
2026-08-07,UCFFY072qzjDnmC_uA65zhQQ,Q__n0KC548c,21,0
2026-08-07,UCFFY072qzjDnmC_uA65zhQQ,QhRgPOmgBDU,6,0
2026-08-07,UCFFY072qzjDnmC_uA65zhQQ,RGVNMIv9NeA,4,0
2026-08-07,UCFFY072qzjDnmC_uA65zhQQ,RR9mLs5RgtA,2,0
2026-08-07,UCFFY072qzjDnmC_uA65zhQQ,SPCRzy8PD3M,19,0
2026-08-07,UCFFY072qzjDnmC_uA65zhQQ,Soqxdzul340,20,0.1
2026-08-07,UCFFY072qzjDnmC_uA65zhQQ,UffIvNL8fLg,21,0.14285714285714285
2026-08-07,UCFFY072qzjDnmC_uA65zhQQ,VYcynJqnsyU,3,0
2026-08-07,UCFFY072qzjDnmC_uA65zhQQ,WpAYWow2Yuw,4,0
2026-08-07,UCFFY072qzjDnmC_uA65zhQQ,XD8tgLIwHvQ,5,0
2026-08-07,UCFFY072qzjDnmC_uA65zhQQ,YWrjNeKZBR8,230,0.021739130434782608
2026-08-07,UCFFY072qzjDnmC_uA65zhQQ,Z4tzAXpPz0s,48,0.020833333333333332
2026-08-07,UCFFY072qzjDnmC_uA65zhQQ,ZsiHzy2w60o,10,0.3
2026-08-07,UCFFY072qzjDnmC_uA65zhQQ,ZzIrT1d2m4g,4,0
2026-08-07,UCFFY072qzjDnmC_uA65zhQQ,_3EAZlSh5zM,17,0.11764705882352941
2026-08-07,UCFFY072qzjDnmC_uA65zhQQ,_mj3H2RN7Eg,2,0
2026-08-07,UCFFY072qzjDnmC_uA65zhQQ,aAso_jiDQhQ,7,0
2026-08-07,UCFFY072qzjDnmC_uA65zhQQ,b5judqdZ4eI,17,0.058823529411764705
2026-08-07,UCFFY072qzjDnmC_uA65zhQQ,bU-TYOpKgaQ,5,0
2026-08-07,UCFFY072qzjDnmC_uA65zhQQ,cuI3UY3v3gI,1,0
2026-08-07,UCFFY072qzjDnmC_uA65zhQQ,dR6SIFXqyLA,2,0
2026-08-07,UCFFY072qzjDnmC_uA65zhQQ,dTVe7fZeZbc,519,0.011560693641618497
2026-08-07,UCFFY072qzjDnmC_uA65zhQQ,e6JpvlA6f_4,9,0.1111111111111111
2026-08-07,UCFFY072qzjDnmC_uA65zhQQ,eGedfjRrI5w,11,0.36363636363636365
2026-08-07,UCFFY072qzjDnmC_uA65zhQQ,eH1CndEyHrc,2,0
2026-08-07,UCFFY072qzjDnmC_uA65zhQQ,f3GFgdZYHG4,3,0
2026-08-07,UCFFY072qzjDnmC_uA65zhQQ,fGezis2rjZA,1,0
2026-08-07,UCFFY072qzjDnmC_uA65zhQQ,f_G_acY5Jt4,1,0
2026-08-07,UCFFY072qzjDnmC_uA65zhQQ,h2mcGEc0hcY,30,0.1
2026-08-07,UCFFY072qzjDnmC_uA65zhQQ,j2uFT1pKGPE,22,0.045454545454545456
2026-08-07,UCFFY072qzjDnmC_uA65zhQQ,kWtTpnW-uW0,4,0
2026-08-07,UCFFY072qzjDnmC_uA65zhQQ,kduz9-W_3Y0,20,0.2
2026-08-07,UCFFY072qzjDnmC_uA65zhQQ,l6jdNIJF3CQ,12,0
2026-08-07,UCFFY072qzjDnmC_uA65zhQQ,mF_kzkE7IJ4,11,0.090909090909090912
2026-08-07,UCFFY072qzjDnmC_uA65zhQQ,mbAcnZ8BqBY,9,0
2026-08-07,UCFFY072qzjDnmC_uA65zhQQ,nOBtQ8KqMLY,17,0.058823529411764705
2026-08-07,UCFFY072qzjDnmC_uA65zhQQ,oI_yFGUHZY0,4,0
2026-08-07,UCFFY072qzjDnmC_uA65zhQQ,of-AvGSADq8,82,0.036585365853658534
2026-08-07,UCFFY072qzjDnmC_uA65zhQQ,pHK8uMvoDT4,16,0.0625
2026-08-07,UCFFY072qzjDnmC_uA65zhQQ,pHU3663gH1I,2,0
2026-08-07,UCFFY072qzjDnmC_uA65zhQQ,pyv1_pwtQg4,6,0.16666666666666666
2026-08-07,UCFFY072qzjDnmC_uA65zhQQ,q1uDScvMQfg,1,0
2026-08-07,UCFFY072qzjDnmC_uA65zhQQ,qTIkvUR_ysc,8,0
2026-08-07,UCFFY072qzjDnmC_uA65zhQQ,qvWP9uPmD-Y,47,0.021276595744680851
2026-08-07,UCFFY072qzjDnmC_uA65zhQQ,rSpIRpNrtto,2,0
2026-08-07,UCFFY072qzjDnmC_uA65zhQQ,ss_JrKiSyZw,3,0
2026-08-07,UCFFY072qzjDnmC_uA65zhQQ,taTgfz1dUAc,126,0.015873015873015872
2026-08-07,UCFFY072qzjDnmC_uA65zhQQ,uULJgUopqWE,38,0.026315789473684209
2026-08-07,UCFFY072qzjDnmC_uA65zhQQ,vD5KR4XrkLk,33,0.030303030303030304
2026-08-07,UCFFY072qzjDnmC_uA65zhQQ,y5HbBNKzJ0c,2,0
2026-08-07,UCFFY072qzjDnmC_uA65zhQQ,yB05q6bx2eI,11,0
2026-08-07,UCFFY072qzjDnmC_uA65zhQQ,yz_uWHlsIF8,2,0
2026-08-08,UCFFY072qzjDnmC_uA65zhQQ,-7RNcKxLsWc,15,0.066666666666666666
2026-08-08,UCFFY072qzjDnmC_uA65zhQQ,-KMuetmIAs0,7,0
2026-08-08,UCFFY072qzjDnmC_uA65zhQQ,-vseQgEaQd8,2,0
2026-08-08,UCFFY072qzjDnmC_uA65zhQQ,0ZIO4anzY5I,6,0
2026-08-08,UCFFY072qzjDnmC_uA65zhQQ,0rhTdpz0Jyc,1,0
2026-08-08,UCFFY072qzjDnmC_uA65zhQQ,1C8YIiELECI,1,0
2026-08-08,UCFFY072qzjDnmC_uA65zhQQ,1XNo0hTd1Kc,5,0
2026-08-08,UCFFY072qzjDnmC_uA65zhQQ,2PLwXk__E14,4,0
2026-08-08,UCFFY072qzjDnmC_uA65zhQQ,3s24LgNa3B0,5,0
2026-08-08,UCFFY072qzjDnmC_uA65zhQQ,3ywF6CtsAk8,299,0.026755852842809364
2026-08-08,UCFFY072qzjDnmC_uA65zhQQ,4h2g5wBWqI4,3,0
2026-08-08,UCFFY072qzjDnmC_uA65zhQQ,4sxqdyUBRsI,4,0
2026-08-08,UCFFY072qzjDnmC_uA65zhQQ,6LlydS0_23w,5,0
2026-08-08,UCFFY072qzjDnmC_uA65zhQQ,744vAmBXikY,1,0
2026-08-08,UCFFY072qzjDnmC_uA65zhQQ,7JTpRZ6EAj4,9,0.33333333333333331
2026-08-08,UCFFY072qzjDnmC_uA65zhQQ,7bs6ELSOGFg,2,0
2026-08-08,UCFFY072qzjDnmC_uA65zhQQ,7sIU7b-5vCA,12,0
2026-08-08,UCFFY072qzjDnmC_uA65zhQQ,8P-YiIGlBjE,18,0
2026-08-08,UCFFY072qzjDnmC_uA65zhQQ,9qhfAvXGR1U,5,0.2
2026-08-08,UCFFY072qzjDnmC_uA65zhQQ,AJmfMOm5Sls,17,0
2026-08-08,UCFFY072qzjDnmC_uA65zhQQ,BTCe24GOWqk,22,0.13636363636363635
2026-08-08,UCFFY072qzjDnmC_uA65zhQQ,BuNbDIm2ieg,4,0
2026-08-08,UCFFY072qzjDnmC_uA65zhQQ,BvnWdTTwSys,37,0
2026-08-08,UCFFY072qzjDnmC_uA65zhQQ,CVCUMNF_koE,1,0
2026-08-08,UCFFY072qzjDnmC_uA65zhQQ,D5PP0Ghhk_g,126,0.03968253968253968
2026-08-08,UCFFY072qzjDnmC_uA65zhQQ,DIhEv0TjUkY,13,0
2026-08-08,UCFFY072qzjDnmC_uA65zhQQ,EPazhvJ7Jd0,7,0
2026-08-08,UCFFY072qzjDnmC_uA65zhQQ,EXv89Z4tXZ0,51,0.098039215686274508
2026-08-08,UCFFY072qzjDnmC_uA65zhQQ,EwkXAwTL_QI,1,0
2026-08-08,UCFFY072qzjDnmC_uA65zhQQ,FQHJqEfpZz8,5,0.2
2026-08-08,UCFFY072qzjDnmC_uA65zhQQ,FZazL5XS_fw,2,0
2026-08-08,UCFFY072qzjDnmC_uA65zhQQ,FdWxDjGBIM4,2,0
2026-08-08,UCFFY072qzjDnmC_uA65zhQQ,GNVK5JQjXos,1,0
2026-08-08,UCFFY072qzjDnmC_uA65zhQQ,Gp0dyrxdI_0,23,0.043478260869565216
2026-08-08,UCFFY072qzjDnmC_uA65zhQQ,IaCjWJ3vy48,21,0
2026-08-08,UCFFY072qzjDnmC_uA65zhQQ,IvAkc1fwzUc,15,0.13333333333333333
2026-08-08,UCFFY072qzjDnmC_uA65zhQQ,Jlc-Jtd81o0,1,0
2026-08-08,UCFFY072qzjDnmC_uA65zhQQ,Klgx3o8dnlA,254,0.070866141732283464
2026-08-08,UCFFY072qzjDnmC_uA65zhQQ,Klivqn7VoxY,2,0.5
2026-08-08,UCFFY072qzjDnmC_uA65zhQQ,KoVVQ_ay2Vg,2,0
2026-08-08,UCFFY072qzjDnmC_uA65zhQQ,LLXlFny9jYc,15,0.066666666666666666
2026-08-08,UCFFY072qzjDnmC_uA65zhQQ,M64uEXXFdF8,28,0
2026-08-08,UCFFY072qzjDnmC_uA65zhQQ,NH01AGqUk98,1,0
2026-08-08,UCFFY072qzjDnmC_uA65zhQQ,PGZEUuam-rA,32,0.03125
2026-08-08,UCFFY072qzjDnmC_uA65zhQQ,Q__n0KC548c,20,0
2026-08-08,UCFFY072qzjDnmC_uA65zhQQ,QhRgPOmgBDU,5,0.2
2026-08-08,UCFFY072qzjDnmC_uA65zhQQ,RGVNMIv9NeA,4,0
2026-08-08,UCFFY072qzjDnmC_uA65zhQQ,RR9mLs5RgtA,3,0
2026-08-08,UCFFY072qzjDnmC_uA65zhQQ,SPCRzy8PD3M,16,0
2026-08-08,UCFFY072qzjDnmC_uA65zhQQ,Soqxdzul340,16,0.125
2026-08-08,UCFFY072qzjDnmC_uA65zhQQ,UffIvNL8fLg,6,0
2026-08-08,UCFFY072qzjDnmC_uA65zhQQ,VYcynJqnsyU,2,0
2026-08-08,UCFFY072qzjDnmC_uA65zhQQ,WpAYWow2Yuw,3,0
2026-08-08,UCFFY072qzjDnmC_uA65zhQQ,XD8tgLIwHvQ,3,0
2026-08-08,UCFFY072qzjDnmC_uA65zhQQ,YWrjNeKZBR8,48,0.020833333333333332
2026-08-08,UCFFY072qzjDnmC_uA65zhQQ,YrMnQa68sQc,1,0
2026-08-08,UCFFY072qzjDnmC_uA65zhQQ,Z4tzAXpPz0s,38,0
2026-08-08,UCFFY072qzjDnmC_uA65zhQQ,ZsiHzy2w60o,7,0.14285714285714285
2026-08-08,UCFFY072qzjDnmC_uA65zhQQ,ZzIrT1d2m4g,2,0.5
2026-08-08,UCFFY072qzjDnmC_uA65zhQQ,_3EAZlSh5zM,9,0
2026-08-08,UCFFY072qzjDnmC_uA65zhQQ,_mj3H2RN7Eg,3,0
2026-08-08,UCFFY072qzjDnmC_uA65zhQQ,aAso_jiDQhQ,14,0
2026-08-08,UCFFY072qzjDnmC_uA65zhQQ,b5judqdZ4eI,17,0
2026-08-08,UCFFY072qzjDnmC_uA65zhQQ,bU-TYOpKgaQ,6,0
2026-08-08,UCFFY072qzjDnmC_uA65zhQQ,dR6SIFXqyLA,10,0.1
2026-08-08,UCFFY072qzjDnmC_uA65zhQQ,dTVe7fZeZbc,80,0.025
2026-08-08,UCFFY072qzjDnmC_uA65zhQQ,e6JpvlA6f_4,12,0.16666666666666666
2026-08-08,UCFFY072qzjDnmC_uA65zhQQ,eGedfjRrI5w,9,0
2026-08-08,UCFFY072qzjDnmC_uA65zhQQ,f2T5LyFvhBM,1,0
2026-08-08,UCFFY072qzjDnmC_uA65zhQQ,f3GFgdZYHG4,5,0
2026-08-08,UCFFY072qzjDnmC_uA65zhQQ,fGezis2rjZA,3,0
2026-08-08,UCFFY072qzjDnmC_uA65zhQQ,f_G_acY5Jt4,5,0
2026-08-08,UCFFY072qzjDnmC_uA65zhQQ,h2mcGEc0hcY,26,0.038461538461538464
2026-08-08,UCFFY072qzjDnmC_uA65zhQQ,hudmiFcA57A,1,0
2026-08-08,UCFFY072qzjDnmC_uA65zhQQ,j2uFT1pKGPE,12,0.083333333333333329
2026-08-08,UCFFY072qzjDnmC_uA65zhQQ,kWtTpnW-uW0,4,0
2026-08-08,UCFFY072qzjDnmC_uA65zhQQ,kduz9-W_3Y0,18,0.33333333333333331
2026-08-08,UCFFY072qzjDnmC_uA65zhQQ,l6jdNIJF3CQ,8,0
2026-08-08,UCFFY072qzjDnmC_uA65zhQQ,mF_kzkE7IJ4,7,0
2026-08-08,UCFFY072qzjDnmC_uA65zhQQ,mbAcnZ8BqBY,11,0.090909090909090912
2026-08-08,UCFFY072qzjDnmC_uA65zhQQ,nOBtQ8KqMLY,9,0.1111111111111111
2026-08-08,UCFFY072qzjDnmC_uA65zhQQ,oI_yFGUHZY0,1,0
2026-08-08,UCFFY072qzjDnmC_uA65zhQQ,of-AvGSADq8,58,0.034482758620689655
2026-08-08,UCFFY072qzjDnmC_uA65zhQQ,pHK8uMvoDT4,5,0
2026-08-08,UCFFY072qzjDnmC_uA65zhQQ,pHU3663gH1I,5,0
2026-08-08,UCFFY072qzjDnmC_uA65zhQQ,pyv1_pwtQg4,10,0.2
2026-08-08,UCFFY072qzjDnmC_uA65zhQQ,q1uDScvMQfg,4,0
2026-08-08,UCFFY072qzjDnmC_uA65zhQQ,qTIkvUR_ysc,8,0
2026-08-08,UCFFY072qzjDnmC_uA65zhQQ,qvWP9uPmD-Y,30,0.033333333333333333
2026-08-08,UCFFY072qzjDnmC_uA65zhQQ,rSpIRpNrtto,2,0
2026-08-08,UCFFY072qzjDnmC_uA65zhQQ,ss_JrKiSyZw,3,0.33333333333333331
2026-08-08,UCFFY072qzjDnmC_uA65zhQQ,taTgfz1dUAc,50,0.02
2026-08-08,UCFFY072qzjDnmC_uA65zhQQ,uULJgUopqWE,19,0.052631578947368418
2026-08-08,UCFFY072qzjDnmC_uA65zhQQ,vD5KR4XrkLk,36,0.083333333333333329
2026-08-08,UCFFY072qzjDnmC_uA65zhQQ,wezZH8qpWyY,2,0
2026-08-08,UCFFY072qzjDnmC_uA65zhQQ,y5HbBNKzJ0c,4,0
2026-08-08,UCFFY072qzjDnmC_uA65zhQQ,yB05q6bx2eI,4,0
2026-08-08,UCFFY072qzjDnmC_uA65zhQQ,yF5ucLxQLsU,3,0
2026-08-08,UCFFY072qzjDnmC_uA65zhQQ,yz_uWHlsIF8,4,0
2026-08-09,UCFFY072qzjDnmC_uA65zhQQ,-7RNcKxLsWc,12,0
2026-08-09,UCFFY072qzjDnmC_uA65zhQQ,-KMuetmIAs0,13,0.15384615384615385
2026-08-09,UCFFY072qzjDnmC_uA65zhQQ,-qTAD9VNJHg,1,0
2026-08-09,UCFFY072qzjDnmC_uA65zhQQ,0ZIO4anzY5I,10,0
2026-08-09,UCFFY072qzjDnmC_uA65zhQQ,0rhTdpz0Jyc,1,0
2026-08-09,UCFFY072qzjDnmC_uA65zhQQ,1C8YIiELECI,2,0
2026-08-09,UCFFY072qzjDnmC_uA65zhQQ,1XNo0hTd1Kc,3,0
2026-08-09,UCFFY072qzjDnmC_uA65zhQQ,2x5xGIWsYec,4,0
2026-08-09,UCFFY072qzjDnmC_uA65zhQQ,3s24LgNa3B0,4,0
2026-08-09,UCFFY072qzjDnmC_uA65zhQQ,3ywF6CtsAk8,263,0.019011406844106463
2026-08-09,UCFFY072qzjDnmC_uA65zhQQ,4h2g5wBWqI4,4,0
2026-08-09,UCFFY072qzjDnmC_uA65zhQQ,6LlydS0_23w,5,0
2026-08-09,UCFFY072qzjDnmC_uA65zhQQ,744vAmBXikY,3,0
2026-08-09,UCFFY072qzjDnmC_uA65zhQQ,7JTpRZ6EAj4,17,0.17647058823529413
2026-08-09,UCFFY072qzjDnmC_uA65zhQQ,7bs6ELSOGFg,1,0
2026-08-09,UCFFY072qzjDnmC_uA65zhQQ,7sIU7b-5vCA,5,0
2026-08-09,UCFFY072qzjDnmC_uA65zhQQ,8P-YiIGlBjE,21,0.095238095238095233
2026-08-09,UCFFY072qzjDnmC_uA65zhQQ,9qhfAvXGR1U,2,0
2026-08-09,UCFFY072qzjDnmC_uA65zhQQ,AJmfMOm5Sls,6,0
2026-08-09,UCFFY072qzjDnmC_uA65zhQQ,BTCe24GOWqk,10,0.1
2026-08-09,UCFFY072qzjDnmC_uA65zhQQ,BuNbDIm2ieg,12,0.083333333333333329
2026-08-09,UCFFY072qzjDnmC_uA65zhQQ,BvnWdTTwSys,26,0
2026-08-09,UCFFY072qzjDnmC_uA65zhQQ,D5PP0Ghhk_g,54,0.018518518518518517
2026-08-09,UCFFY072qzjDnmC_uA65zhQQ,DIhEv0TjUkY,9,0
2026-08-09,UCFFY072qzjDnmC_uA65zhQQ,EPazhvJ7Jd0,7,0
2026-08-09,UCFFY072qzjDnmC_uA65zhQQ,EXv89Z4tXZ0,32,0.03125
2026-08-09,UCFFY072qzjDnmC_uA65zhQQ,EwkXAwTL_QI,1,0
2026-08-09,UCFFY072qzjDnmC_uA65zhQQ,FQHJqEfpZz8,3,0
2026-08-09,UCFFY072qzjDnmC_uA65zhQQ,FZazL5XS_fw,1,0
2026-08-09,UCFFY072qzjDnmC_uA65zhQQ,FdWxDjGBIM4,11,0.090909090909090912
2026-08-09,UCFFY072qzjDnmC_uA65zhQQ,GNVK5JQjXos,4,0
2026-08-09,UCFFY072qzjDnmC_uA65zhQQ,Gp0dyrxdI_0,13,0
2026-08-09,UCFFY072qzjDnmC_uA65zhQQ,IaCjWJ3vy48,22,0.13636363636363635
2026-08-09,UCFFY072qzjDnmC_uA65zhQQ,IvAkc1fwzUc,9,0
2026-08-09,UCFFY072qzjDnmC_uA65zhQQ,Jlc-Jtd81o0,4,0
2026-08-09,UCFFY072qzjDnmC_uA65zhQQ,Klgx3o8dnlA,207,0.06280193236714976
2026-08-09,UCFFY072qzjDnmC_uA65zhQQ,Klivqn7VoxY,4,0
2026-08-09,UCFFY072qzjDnmC_uA65zhQQ,KoVVQ_ay2Vg,1,0
2026-08-09,UCFFY072qzjDnmC_uA65zhQQ,LLXlFny9jYc,11,0.090909090909090912
2026-08-09,UCFFY072qzjDnmC_uA65zhQQ,M64uEXXFdF8,19,0
2026-08-09,UCFFY072qzjDnmC_uA65zhQQ,MkDw5J3auiQ,1,0
2026-08-09,UCFFY072qzjDnmC_uA65zhQQ,NH01AGqUk98,2,0
2026-08-09,UCFFY072qzjDnmC_uA65zhQQ,PGZEUuam-rA,26,0.038461538461538464
2026-08-09,UCFFY072qzjDnmC_uA65zhQQ,Q__n0KC548c,25,0
2026-08-09,UCFFY072qzjDnmC_uA65zhQQ,QhRgPOmgBDU,3,0
2026-08-09,UCFFY072qzjDnmC_uA65zhQQ,RGVNMIv9NeA,7,0
2026-08-09,UCFFY072qzjDnmC_uA65zhQQ,RR9mLs5RgtA,4,0
2026-08-09,UCFFY072qzjDnmC_uA65zhQQ,RqNhgaAulhI,1,0
2026-08-09,UCFFY072qzjDnmC_uA65zhQQ,SPCRzy8PD3M,16,0.0625
2026-08-09,UCFFY072qzjDnmC_uA65zhQQ,Soqxdzul340,5,0
2026-08-09,UCFFY072qzjDnmC_uA65zhQQ,UffIvNL8fLg,16,0
2026-08-09,UCFFY072qzjDnmC_uA65zhQQ,VYcynJqnsyU,14,0.14285714285714285
2026-08-09,UCFFY072qzjDnmC_uA65zhQQ,WpAYWow2Yuw,7,0.2857142857142857
2026-08-09,UCFFY072qzjDnmC_uA65zhQQ,YWrjNeKZBR8,38,0
2026-08-09,UCFFY072qzjDnmC_uA65zhQQ,YrMnQa68sQc,6,0
2026-08-09,UCFFY072qzjDnmC_uA65zhQQ,Z4tzAXpPz0s,51,0.11764705882352941
2026-08-09,UCFFY072qzjDnmC_uA65zhQQ,ZOBF9SJEjDU,1,0
2026-08-09,UCFFY072qzjDnmC_uA65zhQQ,ZsiHzy2w60o,2,0
2026-08-09,UCFFY072qzjDnmC_uA65zhQQ,_3EAZlSh5zM,12,0
2026-08-09,UCFFY072qzjDnmC_uA65zhQQ,_mj3H2RN7Eg,4,0
2026-08-09,UCFFY072qzjDnmC_uA65zhQQ,aAso_jiDQhQ,11,0.090909090909090912
2026-08-09,UCFFY072qzjDnmC_uA65zhQQ,b5judqdZ4eI,18,0.1111111111111111
2026-08-09,UCFFY072qzjDnmC_uA65zhQQ,bU-TYOpKgaQ,6,0
2026-08-09,UCFFY072qzjDnmC_uA65zhQQ,dR6SIFXqyLA,2,0
2026-08-09,UCFFY072qzjDnmC_uA65zhQQ,dTVe7fZeZbc,4,0.25
2026-08-09,UCFFY072qzjDnmC_uA65zhQQ,e6JpvlA6f_4,6,0
2026-08-09,UCFFY072qzjDnmC_uA65zhQQ,eGedfjRrI5w,12,0
2026-08-09,UCFFY072qzjDnmC_uA65zhQQ,f2T5LyFvhBM,3,0.33333333333333331
2026-08-09,UCFFY072qzjDnmC_uA65zhQQ,f3GFgdZYHG4,1,0
2026-08-09,UCFFY072qzjDnmC_uA65zhQQ,fGezis2rjZA,1,0
2026-08-09,UCFFY072qzjDnmC_uA65zhQQ,f_G_acY5Jt4,4,0
2026-08-09,UCFFY072qzjDnmC_uA65zhQQ,gLUZAvea2oc,1,0
2026-08-09,UCFFY072qzjDnmC_uA65zhQQ,h2mcGEc0hcY,28,0.10714285714285714
2026-08-09,UCFFY072qzjDnmC_uA65zhQQ,hudmiFcA57A,2,0
2026-08-09,UCFFY072qzjDnmC_uA65zhQQ,j2uFT1pKGPE,20,0.1
2026-08-09,UCFFY072qzjDnmC_uA65zhQQ,kWtTpnW-uW0,4,0
2026-08-09,UCFFY072qzjDnmC_uA65zhQQ,kduz9-W_3Y0,14,0.35714285714285715
2026-08-09,UCFFY072qzjDnmC_uA65zhQQ,l6jdNIJF3CQ,8,0
2026-08-09,UCFFY072qzjDnmC_uA65zhQQ,mF_kzkE7IJ4,7,0.14285714285714285
2026-08-09,UCFFY072qzjDnmC_uA65zhQQ,mbAcnZ8BqBY,5,0
2026-08-09,UCFFY072qzjDnmC_uA65zhQQ,nOBtQ8KqMLY,11,0
2026-08-09,UCFFY072qzjDnmC_uA65zhQQ,oI_yFGUHZY0,5,0
2026-08-09,UCFFY072qzjDnmC_uA65zhQQ,of-AvGSADq8,199,0.010050251256281407
2026-08-09,UCFFY072qzjDnmC_uA65zhQQ,pHK8uMvoDT4,10,0.1
2026-08-09,UCFFY072qzjDnmC_uA65zhQQ,pHU3663gH1I,3,0
2026-08-09,UCFFY072qzjDnmC_uA65zhQQ,pyv1_pwtQg4,4,0
2026-08-09,UCFFY072qzjDnmC_uA65zhQQ,q1uDScvMQfg,1,0
2026-08-09,UCFFY072qzjDnmC_uA65zhQQ,qTIkvUR_ysc,12,0
2026-08-09,UCFFY072qzjDnmC_uA65zhQQ,qvWP9uPmD-Y,28,0.035714285714285712
2026-08-09,UCFFY072qzjDnmC_uA65zhQQ,rSpIRpNrtto,1,0
2026-08-09,UCFFY072qzjDnmC_uA65zhQQ,ss_JrKiSyZw,4,0.75
2026-08-09,UCFFY072qzjDnmC_uA65zhQQ,taTgfz1dUAc,19,0
2026-08-09,UCFFY072qzjDnmC_uA65zhQQ,uULJgUopqWE,12,0
2026-08-09,UCFFY072qzjDnmC_uA65zhQQ,vD5KR4XrkLk,28,0
2026-08-09,UCFFY072qzjDnmC_uA65zhQQ,y5HbBNKzJ0c,4,0
2026-08-09,UCFFY072qzjDnmC_uA65zhQQ,yB05q6bx2eI,7,0
2026-08-09,UCFFY072qzjDnmC_uA65zhQQ,yF5ucLxQLsU,1,0
2026-08-09,UCFFY072qzjDnmC_uA65zhQQ,yz_uWHlsIF8,3,0
2026-08-10,UCFFY072qzjDnmC_uA65zhQQ,-7RNcKxLsWc,8,0.125
2026-08-10,UCFFY072qzjDnmC_uA65zhQQ,-KMuetmIAs0,6,0
2026-08-10,UCFFY072qzjDnmC_uA65zhQQ,-qTAD9VNJHg,2,0
2026-08-10,UCFFY072qzjDnmC_uA65zhQQ,0ZIO4anzY5I,4,0
2026-08-10,UCFFY072qzjDnmC_uA65zhQQ,1C8YIiELECI,2,0
2026-08-10,UCFFY072qzjDnmC_uA65zhQQ,1XNo0hTd1Kc,8,0.125
2026-08-10,UCFFY072qzjDnmC_uA65zhQQ,2PLwXk__E14,1,0
2026-08-10,UCFFY072qzjDnmC_uA65zhQQ,3s24LgNa3B0,11,0.090909090909090912
2026-08-10,UCFFY072qzjDnmC_uA65zhQQ,3ywF6CtsAk8,23,0.043478260869565216
2026-08-10,UCFFY072qzjDnmC_uA65zhQQ,4h2g5wBWqI4,7,0
2026-08-10,UCFFY072qzjDnmC_uA65zhQQ,4sxqdyUBRsI,2,0
2026-08-10,UCFFY072qzjDnmC_uA65zhQQ,6LlydS0_23w,15,0.066666666666666666
2026-08-10,UCFFY072qzjDnmC_uA65zhQQ,744vAmBXikY,14,0.14285714285714285
2026-08-10,UCFFY072qzjDnmC_uA65zhQQ,7JTpRZ6EAj4,24,0.29166666666666669
2026-08-10,UCFFY072qzjDnmC_uA65zhQQ,7bs6ELSOGFg,5,0
2026-08-10,UCFFY072qzjDnmC_uA65zhQQ,7sIU7b-5vCA,16,0.0625
2026-08-10,UCFFY072qzjDnmC_uA65zhQQ,8P-YiIGlBjE,124,0.024193548387096774
2026-08-10,UCFFY072qzjDnmC_uA65zhQQ,9qhfAvXGR1U,3,0
2026-08-10,UCFFY072qzjDnmC_uA65zhQQ,AJmfMOm5Sls,14,0.071428571428571425
2026-08-10,UCFFY072qzjDnmC_uA65zhQQ,BTCe24GOWqk,15,0.13333333333333333
2026-08-10,UCFFY072qzjDnmC_uA65zhQQ,BuNbDIm2ieg,3,0
2026-08-10,UCFFY072qzjDnmC_uA65zhQQ,BvnWdTTwSys,69,0.014492753623188406
2026-08-10,UCFFY072qzjDnmC_uA65zhQQ,D5PP0Ghhk_g,16,0.125
2026-08-10,UCFFY072qzjDnmC_uA65zhQQ,DIhEv0TjUkY,28,0.071428571428571425
2026-08-10,UCFFY072qzjDnmC_uA65zhQQ,EPazhvJ7Jd0,7,0
2026-08-10,UCFFY072qzjDnmC_uA65zhQQ,EXv89Z4tXZ0,26,0.11538461538461539
2026-08-10,UCFFY072qzjDnmC_uA65zhQQ,EwkXAwTL_QI,1,0
2026-08-10,UCFFY072qzjDnmC_uA65zhQQ,FQHJqEfpZz8,6,0
2026-08-10,UCFFY072qzjDnmC_uA65zhQQ,FZazL5XS_fw,4,0
2026-08-10,UCFFY072qzjDnmC_uA65zhQQ,FdWxDjGBIM4,10,0
2026-08-10,UCFFY072qzjDnmC_uA65zhQQ,GNVK5JQjXos,3,0
2026-08-10,UCFFY072qzjDnmC_uA65zhQQ,Gp0dyrxdI_0,13,0
2026-08-10,UCFFY072qzjDnmC_uA65zhQQ,IaCjWJ3vy48,8,0
2026-08-10,UCFFY072qzjDnmC_uA65zhQQ,IvAkc1fwzUc,15,0.066666666666666666
2026-08-10,UCFFY072qzjDnmC_uA65zhQQ,J85xwjbTMgQ,1,0
2026-08-10,UCFFY072qzjDnmC_uA65zhQQ,Jlc-Jtd81o0,30,0
2026-08-10,UCFFY072qzjDnmC_uA65zhQQ,Klgx3o8dnlA,31,0
2026-08-10,UCFFY072qzjDnmC_uA65zhQQ,KoVVQ_ay2Vg,3,0.33333333333333331
2026-08-10,UCFFY072qzjDnmC_uA65zhQQ,LLXlFny9jYc,6,0
2026-08-10,UCFFY072qzjDnmC_uA65zhQQ,M64uEXXFdF8,4,0
2026-08-10,UCFFY072qzjDnmC_uA65zhQQ,NH01AGqUk98,1,0
2026-08-10,UCFFY072qzjDnmC_uA65zhQQ,PGZEUuam-rA,39,0
2026-08-10,UCFFY072qzjDnmC_uA65zhQQ,Q__n0KC548c,22,0
2026-08-10,UCFFY072qzjDnmC_uA65zhQQ,QhRgPOmgBDU,8,0.25
2026-08-10,UCFFY072qzjDnmC_uA65zhQQ,RGVNMIv9NeA,4,0
2026-08-10,UCFFY072qzjDnmC_uA65zhQQ,RR9mLs5RgtA,1,0
2026-08-10,UCFFY072qzjDnmC_uA65zhQQ,SPCRzy8PD3M,22,0.090909090909090912
2026-08-10,UCFFY072qzjDnmC_uA65zhQQ,Soqxdzul340,9,0
2026-08-10,UCFFY072qzjDnmC_uA65zhQQ,UffIvNL8fLg,13,0
2026-08-10,UCFFY072qzjDnmC_uA65zhQQ,VYcynJqnsyU,39,0.10256410256410256
2026-08-10,UCFFY072qzjDnmC_uA65zhQQ,WpAYWow2Yuw,1,0
2026-08-10,UCFFY072qzjDnmC_uA65zhQQ,XD8tgLIwHvQ,5,0
2026-08-10,UCFFY072qzjDnmC_uA65zhQQ,YWrjNeKZBR8,25,0
2026-08-10,UCFFY072qzjDnmC_uA65zhQQ,YpA8wWTqSQc,292,0.030821917808219176
2026-08-10,UCFFY072qzjDnmC_uA65zhQQ,Z4tzAXpPz0s,54,0.055555555555555552
2026-08-10,UCFFY072qzjDnmC_uA65zhQQ,ZsiHzy2w60o,10,0.1
2026-08-10,UCFFY072qzjDnmC_uA65zhQQ,ZzIrT1d2m4g,1,0
2026-08-10,UCFFY072qzjDnmC_uA65zhQQ,_3EAZlSh5zM,13,0
2026-08-10,UCFFY072qzjDnmC_uA65zhQQ,_mj3H2RN7Eg,9,0
2026-08-10,UCFFY072qzjDnmC_uA65zhQQ,aAso_jiDQhQ,28,0.035714285714285712
2026-08-10,UCFFY072qzjDnmC_uA65zhQQ,b5judqdZ4eI,38,0.026315789473684209
2026-08-10,UCFFY072qzjDnmC_uA65zhQQ,bU-TYOpKgaQ,3,0
2026-08-10,UCFFY072qzjDnmC_uA65zhQQ,cuI3UY3v3gI,2,0
2026-08-10,UCFFY072qzjDnmC_uA65zhQQ,dR6SIFXqyLA,10,0.3
2026-08-10,UCFFY072qzjDnmC_uA65zhQQ,dTVe7fZeZbc,9,0
2026-08-10,UCFFY072qzjDnmC_uA65zhQQ,e6JpvlA6f_4,17,0.17647058823529413
2026-08-10,UCFFY072qzjDnmC_uA65zhQQ,eGedfjRrI5w,17,0
2026-08-10,UCFFY072qzjDnmC_uA65zhQQ,f3GFgdZYHG4,8,0
2026-08-10,UCFFY072qzjDnmC_uA65zhQQ,fGezis2rjZA,8,0
2026-08-10,UCFFY072qzjDnmC_uA65zhQQ,f_G_acY5Jt4,5,0
2026-08-10,UCFFY072qzjDnmC_uA65zhQQ,h2mcGEc0hcY,17,0.058823529411764705
2026-08-10,UCFFY072qzjDnmC_uA65zhQQ,hudmiFcA57A,1,0
2026-08-10,UCFFY072qzjDnmC_uA65zhQQ,j2uFT1pKGPE,17,0
2026-08-10,UCFFY072qzjDnmC_uA65zhQQ,j7xlFldh4gM,2,0
2026-08-10,UCFFY072qzjDnmC_uA65zhQQ,jW3y87r-g8k,1,0
2026-08-10,UCFFY072qzjDnmC_uA65zhQQ,kWtTpnW-uW0,6,0
2026-08-10,UCFFY072qzjDnmC_uA65zhQQ,kduz9-W_3Y0,39,0.15384615384615385
2026-08-10,UCFFY072qzjDnmC_uA65zhQQ,l6jdNIJF3CQ,14,0
2026-08-10,UCFFY072qzjDnmC_uA65zhQQ,mF_kzkE7IJ4,11,0.090909090909090912
2026-08-10,UCFFY072qzjDnmC_uA65zhQQ,mbAcnZ8BqBY,12,0.083333333333333329
2026-08-10,UCFFY072qzjDnmC_uA65zhQQ,nOBtQ8KqMLY,6,0
2026-08-10,UCFFY072qzjDnmC_uA65zhQQ,oI_yFGUHZY0,6,0
2026-08-10,UCFFY072qzjDnmC_uA65zhQQ,of-AvGSADq8,242,0.041322314049586778
2026-08-10,UCFFY072qzjDnmC_uA65zhQQ,pHK8uMvoDT4,21,0.047619047619047616
2026-08-10,UCFFY072qzjDnmC_uA65zhQQ,pHU3663gH1I,2,0
2026-08-10,UCFFY072qzjDnmC_uA65zhQQ,pyv1_pwtQg4,13,0
2026-08-10,UCFFY072qzjDnmC_uA65zhQQ,q1uDScvMQfg,2,0
2026-08-10,UCFFY072qzjDnmC_uA65zhQQ,qTIkvUR_ysc,3,0.33333333333333331
2026-08-10,UCFFY072qzjDnmC_uA65zhQQ,qvWP9uPmD-Y,17,0.058823529411764705
2026-08-10,UCFFY072qzjDnmC_uA65zhQQ,rSpIRpNrtto,2,0
2026-08-10,UCFFY072qzjDnmC_uA65zhQQ,ss_JrKiSyZw,10,0
2026-08-10,UCFFY072qzjDnmC_uA65zhQQ,taTgfz1dUAc,24,0
2026-08-10,UCFFY072qzjDnmC_uA65zhQQ,uULJgUopqWE,17,0.11764705882352941
2026-08-10,UCFFY072qzjDnmC_uA65zhQQ,vD5KR4XrkLk,20,0
2026-08-10,UCFFY072qzjDnmC_uA65zhQQ,vP0QjuBTyf4,872,0.035550458715596332
2026-08-10,UCFFY072qzjDnmC_uA65zhQQ,y5HbBNKzJ0c,3,0
2026-08-10,UCFFY072qzjDnmC_uA65zhQQ,yB05q6bx2eI,12,0.083333333333333329
2026-08-10,UCFFY072qzjDnmC_uA65zhQQ,yF5ucLxQLsU,3,0
2026-08-10,UCFFY072qzjDnmC_uA65zhQQ,yz_uWHlsIF8,7,0
2026-08-11,UCFFY072qzjDnmC_uA65zhQQ,-7RNcKxLsWc,13,0.23076923076923078
2026-08-11,UCFFY072qzjDnmC_uA65zhQQ,-KMuetmIAs0,2,0
2026-08-11,UCFFY072qzjDnmC_uA65zhQQ,-qTAD9VNJHg,1,1
2026-08-11,UCFFY072qzjDnmC_uA65zhQQ,-vseQgEaQd8,1,0
2026-08-11,UCFFY072qzjDnmC_uA65zhQQ,0ZIO4anzY5I,9,0
2026-08-11,UCFFY072qzjDnmC_uA65zhQQ,1XNo0hTd1Kc,2,0
2026-08-11,UCFFY072qzjDnmC_uA65zhQQ,3s24LgNa3B0,8,0.375
2026-08-11,UCFFY072qzjDnmC_uA65zhQQ,3ywF6CtsAk8,18,0.1111111111111111
2026-08-11,UCFFY072qzjDnmC_uA65zhQQ,4h2g5wBWqI4,2,0
2026-08-11,UCFFY072qzjDnmC_uA65zhQQ,4sxqdyUBRsI,4,0
2026-08-11,UCFFY072qzjDnmC_uA65zhQQ,6LlydS0_23w,9,0.22222222222222221
2026-08-11,UCFFY072qzjDnmC_uA65zhQQ,744vAmBXikY,5,0.2
2026-08-11,UCFFY072qzjDnmC_uA65zhQQ,7JTpRZ6EAj4,8,0.125
2026-08-11,UCFFY072qzjDnmC_uA65zhQQ,7sIU7b-5vCA,8,0
2026-08-11,UCFFY072qzjDnmC_uA65zhQQ,8P-YiIGlBjE,69,0.028985507246376812
2026-08-11,UCFFY072qzjDnmC_uA65zhQQ,9qhfAvXGR1U,1,0
2026-08-11,UCFFY072qzjDnmC_uA65zhQQ,AJmfMOm5Sls,12,0.083333333333333329
2026-08-11,UCFFY072qzjDnmC_uA65zhQQ,BTCe24GOWqk,19,0.21052631578947367
2026-08-11,UCFFY072qzjDnmC_uA65zhQQ,BuNbDIm2ieg,2,0
2026-08-11,UCFFY072qzjDnmC_uA65zhQQ,BvnWdTTwSys,29,0
2026-08-11,UCFFY072qzjDnmC_uA65zhQQ,D5PP0Ghhk_g,10,0
2026-08-11,UCFFY072qzjDnmC_uA65zhQQ,DIhEv0TjUkY,19,0
2026-08-11,UCFFY072qzjDnmC_uA65zhQQ,EPazhvJ7Jd0,4,0
2026-08-11,UCFFY072qzjDnmC_uA65zhQQ,EXv89Z4tXZ0,14,0
2026-08-11,UCFFY072qzjDnmC_uA65zhQQ,FQHJqEfpZz8,8,0
2026-08-11,UCFFY072qzjDnmC_uA65zhQQ,FdWxDjGBIM4,8,0.125
2026-08-11,UCFFY072qzjDnmC_uA65zhQQ,GNVK5JQjXos,1,0
2026-08-11,UCFFY072qzjDnmC_uA65zhQQ,Gp0dyrxdI_0,12,0
2026-08-11,UCFFY072qzjDnmC_uA65zhQQ,IaCjWJ3vy48,8,0
2026-08-11,UCFFY072qzjDnmC_uA65zhQQ,IvAkc1fwzUc,12,0
2026-08-11,UCFFY072qzjDnmC_uA65zhQQ,J85xwjbTMgQ,4,0
2026-08-11,UCFFY072qzjDnmC_uA65zhQQ,Jlc-Jtd81o0,2,0
2026-08-11,UCFFY072qzjDnmC_uA65zhQQ,Klgx3o8dnlA,38,0.078947368421052627
2026-08-11,UCFFY072qzjDnmC_uA65zhQQ,Klivqn7VoxY,11,0
2026-08-11,UCFFY072qzjDnmC_uA65zhQQ,LLXlFny9jYc,6,0
2026-08-11,UCFFY072qzjDnmC_uA65zhQQ,M64uEXXFdF8,6,0
2026-08-11,UCFFY072qzjDnmC_uA65zhQQ,NH01AGqUk98,1,0
2026-08-11,UCFFY072qzjDnmC_uA65zhQQ,PGZEUuam-rA,23,0.17391304347826086
2026-08-11,UCFFY072qzjDnmC_uA65zhQQ,Q__n0KC548c,7,0
2026-08-11,UCFFY072qzjDnmC_uA65zhQQ,QhRgPOmgBDU,15,0
2026-08-11,UCFFY072qzjDnmC_uA65zhQQ,RGVNMIv9NeA,3,0
2026-08-11,UCFFY072qzjDnmC_uA65zhQQ,SPCRzy8PD3M,17,0.058823529411764705
2026-08-11,UCFFY072qzjDnmC_uA65zhQQ,Soqxdzul340,7,0
2026-08-11,UCFFY072qzjDnmC_uA65zhQQ,UffIvNL8fLg,6,0
2026-08-11,UCFFY072qzjDnmC_uA65zhQQ,VYcynJqnsyU,61,0.081967213114754092
2026-08-11,UCFFY072qzjDnmC_uA65zhQQ,WpAYWow2Yuw,5,0.4
2026-08-11,UCFFY072qzjDnmC_uA65zhQQ,XD8tgLIwHvQ,1,0
2026-08-11,UCFFY072qzjDnmC_uA65zhQQ,YWrjNeKZBR8,19,0
2026-08-11,UCFFY072qzjDnmC_uA65zhQQ,YpA8wWTqSQc,129,0.069767441860465115
2026-08-11,UCFFY072qzjDnmC_uA65zhQQ,YrMnQa68sQc,1,0
2026-08-11,UCFFY072qzjDnmC_uA65zhQQ,Z4tzAXpPz0s,63,0.1111111111111111
2026-08-11,UCFFY072qzjDnmC_uA65zhQQ,ZsiHzy2w60o,8,0
2026-08-11,UCFFY072qzjDnmC_uA65zhQQ,_3EAZlSh5zM,16,0
2026-08-11,UCFFY072qzjDnmC_uA65zhQQ,_mj3H2RN7Eg,10,0.1
2026-08-11,UCFFY072qzjDnmC_uA65zhQQ,aAso_jiDQhQ,9,0
2026-08-11,UCFFY072qzjDnmC_uA65zhQQ,b5judqdZ4eI,14,0.071428571428571425
2026-08-11,UCFFY072qzjDnmC_uA65zhQQ,bU-TYOpKgaQ,3,0
2026-08-11,UCFFY072qzjDnmC_uA65zhQQ,cuI3UY3v3gI,2,0
2026-08-11,UCFFY072qzjDnmC_uA65zhQQ,dR6SIFXqyLA,2,0
2026-08-11,UCFFY072qzjDnmC_uA65zhQQ,dTVe7fZeZbc,3,0
2026-08-11,UCFFY072qzjDnmC_uA65zhQQ,e6JpvlA6f_4,13,0.076923076923076927
2026-08-11,UCFFY072qzjDnmC_uA65zhQQ,eGedfjRrI5w,9,0
2026-08-11,UCFFY072qzjDnmC_uA65zhQQ,f2T5LyFvhBM,1,0
2026-08-11,UCFFY072qzjDnmC_uA65zhQQ,f3GFgdZYHG4,1,0
2026-08-11,UCFFY072qzjDnmC_uA65zhQQ,fGezis2rjZA,12,0.083333333333333329
2026-08-11,UCFFY072qzjDnmC_uA65zhQQ,f_G_acY5Jt4,4,0
2026-08-11,UCFFY072qzjDnmC_uA65zhQQ,h2mcGEc0hcY,23,0.13043478260869565
2026-08-11,UCFFY072qzjDnmC_uA65zhQQ,j2uFT1pKGPE,11,0.090909090909090912
2026-08-11,UCFFY072qzjDnmC_uA65zhQQ,jW3y87r-g8k,1,1
2026-08-11,UCFFY072qzjDnmC_uA65zhQQ,kWtTpnW-uW0,7,0
2026-08-11,UCFFY072qzjDnmC_uA65zhQQ,kduz9-W_3Y0,29,0.17241379310344829
2026-08-11,UCFFY072qzjDnmC_uA65zhQQ,l6jdNIJF3CQ,5,0
2026-08-11,UCFFY072qzjDnmC_uA65zhQQ,mF_kzkE7IJ4,11,0
2026-08-11,UCFFY072qzjDnmC_uA65zhQQ,mbAcnZ8BqBY,10,0
2026-08-11,UCFFY072qzjDnmC_uA65zhQQ,nOBtQ8KqMLY,6,0
2026-08-11,UCFFY072qzjDnmC_uA65zhQQ,oI_yFGUHZY0,4,0
2026-08-11,UCFFY072qzjDnmC_uA65zhQQ,of-AvGSADq8,36,0
2026-08-11,UCFFY072qzjDnmC_uA65zhQQ,pHK8uMvoDT4,4,0
2026-08-11,UCFFY072qzjDnmC_uA65zhQQ,pHU3663gH1I,5,0.2
2026-08-11,UCFFY072qzjDnmC_uA65zhQQ,pyv1_pwtQg4,8,0
2026-08-11,UCFFY072qzjDnmC_uA65zhQQ,q1uDScvMQfg,1,0
2026-08-11,UCFFY072qzjDnmC_uA65zhQQ,qTIkvUR_ysc,3,0
2026-08-11,UCFFY072qzjDnmC_uA65zhQQ,qvWP9uPmD-Y,11,0
2026-08-11,UCFFY072qzjDnmC_uA65zhQQ,rSpIRpNrtto,3,0
2026-08-11,UCFFY072qzjDnmC_uA65zhQQ,ss_JrKiSyZw,2,0.5
2026-08-11,UCFFY072qzjDnmC_uA65zhQQ,taTgfz1dUAc,10,0
2026-08-11,UCFFY072qzjDnmC_uA65zhQQ,uULJgUopqWE,15,0
2026-08-11,UCFFY072qzjDnmC_uA65zhQQ,vD5KR4XrkLk,9,0
2026-08-11,UCFFY072qzjDnmC_uA65zhQQ,vP0QjuBTyf4,373,0.037533512064343161
2026-08-11,UCFFY072qzjDnmC_uA65zhQQ,y5HbBNKzJ0c,1,0
2026-08-11,UCFFY072qzjDnmC_uA65zhQQ,yB05q6bx2eI,11,0.090909090909090912
2026-08-11,UCFFY072qzjDnmC_uA65zhQQ,yz_uWHlsIF8,3,0
2026-08-12,UCFFY072qzjDnmC_uA65zhQQ,-7RNcKxLsWc,8,0.125
2026-08-12,UCFFY072qzjDnmC_uA65zhQQ,-KMuetmIAs0,6,0.16666666666666666
2026-08-12,UCFFY072qzjDnmC_uA65zhQQ,-qTAD9VNJHg,7,0
2026-08-12,UCFFY072qzjDnmC_uA65zhQQ,-vseQgEaQd8,2,0
2026-08-12,UCFFY072qzjDnmC_uA65zhQQ,0ZIO4anzY5I,7,0
2026-08-12,UCFFY072qzjDnmC_uA65zhQQ,0rhTdpz0Jyc,1,0
2026-08-12,UCFFY072qzjDnmC_uA65zhQQ,1C8YIiELECI,1,0
2026-08-12,UCFFY072qzjDnmC_uA65zhQQ,1XNo0hTd1Kc,12,0
2026-08-12,UCFFY072qzjDnmC_uA65zhQQ,2x5xGIWsYec,2,0
2026-08-12,UCFFY072qzjDnmC_uA65zhQQ,3s24LgNa3B0,9,0.1111111111111111
2026-08-12,UCFFY072qzjDnmC_uA65zhQQ,3ywF6CtsAk8,16,0
2026-08-12,UCFFY072qzjDnmC_uA65zhQQ,4h2g5wBWqI4,1,0
2026-08-12,UCFFY072qzjDnmC_uA65zhQQ,4sxqdyUBRsI,5,0
2026-08-12,UCFFY072qzjDnmC_uA65zhQQ,5PsaPj_z7ts,2,0
2026-08-12,UCFFY072qzjDnmC_uA65zhQQ,6LlydS0_23w,8,0
2026-08-12,UCFFY072qzjDnmC_uA65zhQQ,744vAmBXikY,5,0.2
2026-08-12,UCFFY072qzjDnmC_uA65zhQQ,7JTpRZ6EAj4,22,0.18181818181818182
2026-08-12,UCFFY072qzjDnmC_uA65zhQQ,7bs6ELSOGFg,1,0
2026-08-12,UCFFY072qzjDnmC_uA65zhQQ,7sIU7b-5vCA,7,0
2026-08-12,UCFFY072qzjDnmC_uA65zhQQ,8P-YiIGlBjE,39,0
2026-08-12,UCFFY072qzjDnmC_uA65zhQQ,9qhfAvXGR1U,1,0
2026-08-12,UCFFY072qzjDnmC_uA65zhQQ,AJmfMOm5Sls,7,0
2026-08-12,UCFFY072qzjDnmC_uA65zhQQ,BTCe24GOWqk,67,0.16417910447761194
2026-08-12,UCFFY072qzjDnmC_uA65zhQQ,BuNbDIm2ieg,1,0
2026-08-12,UCFFY072qzjDnmC_uA65zhQQ,BvnWdTTwSys,27,0.037037037037037035
2026-08-12,UCFFY072qzjDnmC_uA65zhQQ,D5PP0Ghhk_g,16,0.25
2026-08-12,UCFFY072qzjDnmC_uA65zhQQ,DIhEv0TjUkY,12,0
2026-08-12,UCFFY072qzjDnmC_uA65zhQQ,EPazhvJ7Jd0,1,0
2026-08-12,UCFFY072qzjDnmC_uA65zhQQ,EXv89Z4tXZ0,15,0.066666666666666666
2026-08-12,UCFFY072qzjDnmC_uA65zhQQ,FQHJqEfpZz8,12,0.083333333333333329
2026-08-12,UCFFY072qzjDnmC_uA65zhQQ,FZazL5XS_fw,1,0
2026-08-12,UCFFY072qzjDnmC_uA65zhQQ,FdWxDjGBIM4,13,0.076923076923076927
2026-08-12,UCFFY072qzjDnmC_uA65zhQQ,GNVK5JQjXos,5,0
2026-08-12,UCFFY072qzjDnmC_uA65zhQQ,Gp0dyrxdI_0,17,0
2026-08-12,UCFFY072qzjDnmC_uA65zhQQ,IaCjWJ3vy48,21,0.047619047619047616
2026-08-12,UCFFY072qzjDnmC_uA65zhQQ,IvAkc1fwzUc,13,0.23076923076923078
2026-08-12,UCFFY072qzjDnmC_uA65zhQQ,Jlc-Jtd81o0,1,0
2026-08-12,UCFFY072qzjDnmC_uA65zhQQ,Klgx3o8dnlA,100,0.06
2026-08-12,UCFFY072qzjDnmC_uA65zhQQ,Klivqn7VoxY,2,0
2026-08-12,UCFFY072qzjDnmC_uA65zhQQ,KoVVQ_ay2Vg,1,0
2026-08-12,UCFFY072qzjDnmC_uA65zhQQ,LLXlFny9jYc,2,0
2026-08-12,UCFFY072qzjDnmC_uA65zhQQ,M64uEXXFdF8,12,0
2026-08-12,UCFFY072qzjDnmC_uA65zhQQ,NH01AGqUk98,2,0
2026-08-12,UCFFY072qzjDnmC_uA65zhQQ,P5J1t9IV9xE,184,0.005434782608695652
2026-08-12,UCFFY072qzjDnmC_uA65zhQQ,PGZEUuam-rA,21,0
2026-08-12,UCFFY072qzjDnmC_uA65zhQQ,Q__n0KC548c,6,0
2026-08-12,UCFFY072qzjDnmC_uA65zhQQ,QhRgPOmgBDU,9,0
2026-08-12,UCFFY072qzjDnmC_uA65zhQQ,RGVNMIv9NeA,4,0
2026-08-12,UCFFY072qzjDnmC_uA65zhQQ,RR9mLs5RgtA,1,0
2026-08-12,UCFFY072qzjDnmC_uA65zhQQ,RqNhgaAulhI,2,0
2026-08-12,UCFFY072qzjDnmC_uA65zhQQ,SPCRzy8PD3M,26,0.038461538461538464
2026-08-12,UCFFY072qzjDnmC_uA65zhQQ,Soqxdzul340,9,0.1111111111111111
2026-08-12,UCFFY072qzjDnmC_uA65zhQQ,UffIvNL8fLg,15,0.066666666666666666
2026-08-12,UCFFY072qzjDnmC_uA65zhQQ,VYcynJqnsyU,17,0
2026-08-12,UCFFY072qzjDnmC_uA65zhQQ,WpAYWow2Yuw,6,0
2026-08-12,UCFFY072qzjDnmC_uA65zhQQ,XD8tgLIwHvQ,3,0
2026-08-12,UCFFY072qzjDnmC_uA65zhQQ,YWrjNeKZBR8,21,0
2026-08-12,UCFFY072qzjDnmC_uA65zhQQ,YpA8wWTqSQc,162,0.07407407407407407
2026-08-12,UCFFY072qzjDnmC_uA65zhQQ,YrMnQa68sQc,2,0
2026-08-12,UCFFY072qzjDnmC_uA65zhQQ,Z4tzAXpPz0s,88,0.11363636363636363
2026-08-12,UCFFY072qzjDnmC_uA65zhQQ,ZOBF9SJEjDU,2,0
2026-08-12,UCFFY072qzjDnmC_uA65zhQQ,ZsiHzy2w60o,4,0.25
2026-08-12,UCFFY072qzjDnmC_uA65zhQQ,ZzIrT1d2m4g,5,0
2026-08-12,UCFFY072qzjDnmC_uA65zhQQ,_3EAZlSh5zM,17,0.17647058823529413
2026-08-12,UCFFY072qzjDnmC_uA65zhQQ,_mj3H2RN7Eg,7,0
2026-08-12,UCFFY072qzjDnmC_uA65zhQQ,aAso_jiDQhQ,19,0
2026-08-12,UCFFY072qzjDnmC_uA65zhQQ,b5judqdZ4eI,15,0
2026-08-12,UCFFY072qzjDnmC_uA65zhQQ,bU-TYOpKgaQ,6,0
2026-08-12,UCFFY072qzjDnmC_uA65zhQQ,dR6SIFXqyLA,10,0
2026-08-12,UCFFY072qzjDnmC_uA65zhQQ,dTVe7fZeZbc,15,0.066666666666666666
2026-08-12,UCFFY072qzjDnmC_uA65zhQQ,e6JpvlA6f_4,27,0.037037037037037035
2026-08-12,UCFFY072qzjDnmC_uA65zhQQ,eGedfjRrI5w,11,0.36363636363636365
2026-08-12,UCFFY072qzjDnmC_uA65zhQQ,eH1CndEyHrc,1,0
2026-08-12,UCFFY072qzjDnmC_uA65zhQQ,f2T5LyFvhBM,8,0
2026-08-12,UCFFY072qzjDnmC_uA65zhQQ,f3GFgdZYHG4,1,0
2026-08-12,UCFFY072qzjDnmC_uA65zhQQ,fGezis2rjZA,2,0.5
2026-08-12,UCFFY072qzjDnmC_uA65zhQQ,f_G_acY5Jt4,3,0
2026-08-12,UCFFY072qzjDnmC_uA65zhQQ,h2mcGEc0hcY,41,0.073170731707317069
2026-08-12,UCFFY072qzjDnmC_uA65zhQQ,hudmiFcA57A,2,0
2026-08-12,UCFFY072qzjDnmC_uA65zhQQ,j2uFT1pKGPE,9,0.1111111111111111
2026-08-12,UCFFY072qzjDnmC_uA65zhQQ,kWtTpnW-uW0,4,0
2026-08-12,UCFFY072qzjDnmC_uA65zhQQ,kduz9-W_3Y0,34,0.11764705882352941
2026-08-12,UCFFY072qzjDnmC_uA65zhQQ,l6jdNIJF3CQ,5,0
2026-08-12,UCFFY072qzjDnmC_uA65zhQQ,lNqMWsD057k,2,0
2026-08-12,UCFFY072qzjDnmC_uA65zhQQ,mF_kzkE7IJ4,24,0.083333333333333329
2026-08-12,UCFFY072qzjDnmC_uA65zhQQ,mbAcnZ8BqBY,12,0
2026-08-12,UCFFY072qzjDnmC_uA65zhQQ,nOBtQ8KqMLY,9,0.22222222222222221
2026-08-12,UCFFY072qzjDnmC_uA65zhQQ,oI_yFGUHZY0,5,0
2026-08-12,UCFFY072qzjDnmC_uA65zhQQ,of-AvGSADq8,41,0.024390243902439025
2026-08-12,UCFFY072qzjDnmC_uA65zhQQ,pHK8uMvoDT4,10,0
2026-08-12,UCFFY072qzjDnmC_uA65zhQQ,pHU3663gH1I,4,0
2026-08-12,UCFFY072qzjDnmC_uA65zhQQ,pyv1_pwtQg4,4,0
2026-08-12,UCFFY072qzjDnmC_uA65zhQQ,q1uDScvMQfg,4,0
2026-08-12,UCFFY072qzjDnmC_uA65zhQQ,qTIkvUR_ysc,3,0
2026-08-12,UCFFY072qzjDnmC_uA65zhQQ,qvWP9uPmD-Y,16,0.125
2026-08-12,UCFFY072qzjDnmC_uA65zhQQ,rSpIRpNrtto,5,0
2026-08-12,UCFFY072qzjDnmC_uA65zhQQ,ss_JrKiSyZw,2,0
2026-08-12,UCFFY072qzjDnmC_uA65zhQQ,taTgfz1dUAc,6,0
2026-08-12,UCFFY072qzjDnmC_uA65zhQQ,uULJgUopqWE,10,0
2026-08-12,UCFFY072qzjDnmC_uA65zhQQ,vD5KR4XrkLk,19,0
2026-08-12,UCFFY072qzjDnmC_uA65zhQQ,vP0QjuBTyf4,116,0.034482758620689655
2026-08-12,UCFFY072qzjDnmC_uA65zhQQ,y5HbBNKzJ0c,8,0.125
2026-08-12,UCFFY072qzjDnmC_uA65zhQQ,yB05q6bx2eI,23,0.17391304347826086
2026-08-12,UCFFY072qzjDnmC_uA65zhQQ,yF5ucLxQLsU,1,0
2026-08-12,UCFFY072qzjDnmC_uA65zhQQ,yz_uWHlsIF8,5,0
2026-08-13,UCFFY072qzjDnmC_uA65zhQQ,-7RNcKxLsWc,7,0.14285714285714285
2026-08-13,UCFFY072qzjDnmC_uA65zhQQ,-KMuetmIAs0,9,0
2026-08-13,UCFFY072qzjDnmC_uA65zhQQ,-qTAD9VNJHg,2,0
2026-08-13,UCFFY072qzjDnmC_uA65zhQQ,0ZIO4anzY5I,14,0.071428571428571425
2026-08-13,UCFFY072qzjDnmC_uA65zhQQ,1C8YIiELECI,5,0
2026-08-13,UCFFY072qzjDnmC_uA65zhQQ,1XNo0hTd1Kc,12,0
2026-08-13,UCFFY072qzjDnmC_uA65zhQQ,2PLwXk__E14,2,0
2026-08-13,UCFFY072qzjDnmC_uA65zhQQ,2x5xGIWsYec,1,0
2026-08-13,UCFFY072qzjDnmC_uA65zhQQ,3s24LgNa3B0,10,0.1
2026-08-13,UCFFY072qzjDnmC_uA65zhQQ,3ywF6CtsAk8,39,0.17948717948717949
2026-08-13,UCFFY072qzjDnmC_uA65zhQQ,4h2g5wBWqI4,1,0
2026-08-13,UCFFY072qzjDnmC_uA65zhQQ,4sxqdyUBRsI,9,0
2026-08-13,UCFFY072qzjDnmC_uA65zhQQ,6LlydS0_23w,5,0
2026-08-13,UCFFY072qzjDnmC_uA65zhQQ,744vAmBXikY,5,0
2026-08-13,UCFFY072qzjDnmC_uA65zhQQ,7JTpRZ6EAj4,43,0.11627906976744186
2026-08-13,UCFFY072qzjDnmC_uA65zhQQ,7sIU7b-5vCA,10,0
2026-08-13,UCFFY072qzjDnmC_uA65zhQQ,8P-YiIGlBjE,71,0.014084507042253521
2026-08-13,UCFFY072qzjDnmC_uA65zhQQ,AJmfMOm5Sls,17,0
2026-08-13,UCFFY072qzjDnmC_uA65zhQQ,BTCe24GOWqk,36,0.1388888888888889
2026-08-13,UCFFY072qzjDnmC_uA65zhQQ,BuNbDIm2ieg,2,0
2026-08-13,UCFFY072qzjDnmC_uA65zhQQ,BvnWdTTwSys,32,0
2026-08-13,UCFFY072qzjDnmC_uA65zhQQ,CVCUMNF_koE,2,0
2026-08-13,UCFFY072qzjDnmC_uA65zhQQ,D5PP0Ghhk_g,8,0.375
2026-08-13,UCFFY072qzjDnmC_uA65zhQQ,DIhEv0TjUkY,9,0.22222222222222221
2026-08-13,UCFFY072qzjDnmC_uA65zhQQ,EXv89Z4tXZ0,10,0
2026-08-13,UCFFY072qzjDnmC_uA65zhQQ,FdWxDjGBIM4,19,0.10526315789473684
2026-08-13,UCFFY072qzjDnmC_uA65zhQQ,GNVK5JQjXos,1,0
2026-08-13,UCFFY072qzjDnmC_uA65zhQQ,Gp0dyrxdI_0,8,0
2026-08-13,UCFFY072qzjDnmC_uA65zhQQ,IaCjWJ3vy48,19,0.052631578947368418
2026-08-13,UCFFY072qzjDnmC_uA65zhQQ,IvAkc1fwzUc,5,0
2026-08-13,UCFFY072qzjDnmC_uA65zhQQ,Klgx3o8dnlA,61,0
2026-08-13,UCFFY072qzjDnmC_uA65zhQQ,Klivqn7VoxY,6,0
2026-08-13,UCFFY072qzjDnmC_uA65zhQQ,KoVVQ_ay2Vg,3,0
2026-08-13,UCFFY072qzjDnmC_uA65zhQQ,LLXlFny9jYc,8,0
2026-08-13,UCFFY072qzjDnmC_uA65zhQQ,M64uEXXFdF8,12,0
2026-08-13,UCFFY072qzjDnmC_uA65zhQQ,MkDw5J3auiQ,1,0
2026-08-13,UCFFY072qzjDnmC_uA65zhQQ,NH01AGqUk98,5,0
2026-08-13,UCFFY072qzjDnmC_uA65zhQQ,P5J1t9IV9xE,142,0
2026-08-13,UCFFY072qzjDnmC_uA65zhQQ,PGZEUuam-rA,22,0
2026-08-13,UCFFY072qzjDnmC_uA65zhQQ,Q__n0KC548c,8,0
2026-08-13,UCFFY072qzjDnmC_uA65zhQQ,QhRgPOmgBDU,10,0
2026-08-13,UCFFY072qzjDnmC_uA65zhQQ,RGVNMIv9NeA,9,0.1111111111111111
2026-08-13,UCFFY072qzjDnmC_uA65zhQQ,RR9mLs5RgtA,3,0
2026-08-13,UCFFY072qzjDnmC_uA65zhQQ,SPCRzy8PD3M,10,0
2026-08-13,UCFFY072qzjDnmC_uA65zhQQ,Soqxdzul340,12,0.083333333333333329
2026-08-13,UCFFY072qzjDnmC_uA65zhQQ,UffIvNL8fLg,23,0.13043478260869565
2026-08-13,UCFFY072qzjDnmC_uA65zhQQ,VYcynJqnsyU,25,0.04
2026-08-13,UCFFY072qzjDnmC_uA65zhQQ,WpAYWow2Yuw,4,0
2026-08-13,UCFFY072qzjDnmC_uA65zhQQ,XD8tgLIwHvQ,2,0
2026-08-13,UCFFY072qzjDnmC_uA65zhQQ,YWrjNeKZBR8,21,0
2026-08-13,UCFFY072qzjDnmC_uA65zhQQ,YpA8wWTqSQc,117,0.034188034188034191
2026-08-13,UCFFY072qzjDnmC_uA65zhQQ,Z4tzAXpPz0s,74,0.10810810810810811
2026-08-13,UCFFY072qzjDnmC_uA65zhQQ,ZzIrT1d2m4g,2,0
2026-08-13,UCFFY072qzjDnmC_uA65zhQQ,_3EAZlSh5zM,11,0.090909090909090912
2026-08-13,UCFFY072qzjDnmC_uA65zhQQ,_mj3H2RN7Eg,2,0
2026-08-13,UCFFY072qzjDnmC_uA65zhQQ,aAso_jiDQhQ,8,0
2026-08-13,UCFFY072qzjDnmC_uA65zhQQ,b5judqdZ4eI,14,0
2026-08-13,UCFFY072qzjDnmC_uA65zhQQ,bU-TYOpKgaQ,1,0
2026-08-13,UCFFY072qzjDnmC_uA65zhQQ,dR6SIFXqyLA,11,0.18181818181818182
2026-08-13,UCFFY072qzjDnmC_uA65zhQQ,dTVe7fZeZbc,15,0
2026-08-13,UCFFY072qzjDnmC_uA65zhQQ,e6JpvlA6f_4,13,0
2026-08-13,UCFFY072qzjDnmC_uA65zhQQ,eGedfjRrI5w,3,0
2026-08-13,UCFFY072qzjDnmC_uA65zhQQ,fGezis2rjZA,1,0
2026-08-13,UCFFY072qzjDnmC_uA65zhQQ,f_G_acY5Jt4,5,0
2026-08-13,UCFFY072qzjDnmC_uA65zhQQ,h2mcGEc0hcY,48,0.10416666666666667
2026-08-13,UCFFY072qzjDnmC_uA65zhQQ,hudmiFcA57A,2,0
2026-08-13,UCFFY072qzjDnmC_uA65zhQQ,j2uFT1pKGPE,10,0
2026-08-13,UCFFY072qzjDnmC_uA65zhQQ,kWtTpnW-uW0,13,0
2026-08-13,UCFFY072qzjDnmC_uA65zhQQ,kduz9-W_3Y0,74,0.17567567567567569
2026-08-13,UCFFY072qzjDnmC_uA65zhQQ,l6jdNIJF3CQ,7,0
2026-08-13,UCFFY072qzjDnmC_uA65zhQQ,mF_kzkE7IJ4,10,0.1
2026-08-13,UCFFY072qzjDnmC_uA65zhQQ,mbAcnZ8BqBY,9,0
2026-08-13,UCFFY072qzjDnmC_uA65zhQQ,nOBtQ8KqMLY,8,0.125
2026-08-13,UCFFY072qzjDnmC_uA65zhQQ,oI_yFGUHZY0,3,0.33333333333333331
2026-08-13,UCFFY072qzjDnmC_uA65zhQQ,of-AvGSADq8,27,0
2026-08-13,UCFFY072qzjDnmC_uA65zhQQ,pHK8uMvoDT4,6,0
2026-08-13,UCFFY072qzjDnmC_uA65zhQQ,pHU3663gH1I,1,0
2026-08-13,UCFFY072qzjDnmC_uA65zhQQ,pyv1_pwtQg4,3,0.33333333333333331
2026-08-13,UCFFY072qzjDnmC_uA65zhQQ,q1uDScvMQfg,2,0
2026-08-13,UCFFY072qzjDnmC_uA65zhQQ,qTIkvUR_ysc,5,0
2026-08-13,UCFFY072qzjDnmC_uA65zhQQ,qvWP9uPmD-Y,29,0.068965517241379309
2026-08-13,UCFFY072qzjDnmC_uA65zhQQ,rSpIRpNrtto,2,0
2026-08-13,UCFFY072qzjDnmC_uA65zhQQ,taTgfz1dUAc,4,0
2026-08-13,UCFFY072qzjDnmC_uA65zhQQ,uULJgUopqWE,7,0
2026-08-13,UCFFY072qzjDnmC_uA65zhQQ,vD5KR4XrkLk,10,0
2026-08-13,UCFFY072qzjDnmC_uA65zhQQ,vP0QjuBTyf4,56,0.10714285714285714
2026-08-13,UCFFY072qzjDnmC_uA65zhQQ,wezZH8qpWyY,2,0
2026-08-13,UCFFY072qzjDnmC_uA65zhQQ,xEkmwt0UHYs,1,0
2026-08-13,UCFFY072qzjDnmC_uA65zhQQ,y5HbBNKzJ0c,1,0
2026-08-13,UCFFY072qzjDnmC_uA65zhQQ,yB05q6bx2eI,26,0.15384615384615385
2026-08-13,UCFFY072qzjDnmC_uA65zhQQ,yz_uWHlsIF8,2,0
2026-08-14,UCFFY072qzjDnmC_uA65zhQQ,-7RNcKxLsWc,20,0.2
2026-08-14,UCFFY072qzjDnmC_uA65zhQQ,-KMuetmIAs0,9,0.1111111111111111
2026-08-14,UCFFY072qzjDnmC_uA65zhQQ,-qTAD9VNJHg,1,0
2026-08-14,UCFFY072qzjDnmC_uA65zhQQ,-vseQgEaQd8,1,0
2026-08-14,UCFFY072qzjDnmC_uA65zhQQ,0ZIO4anzY5I,3,0
2026-08-14,UCFFY072qzjDnmC_uA65zhQQ,1XNo0hTd1Kc,1,0
2026-08-14,UCFFY072qzjDnmC_uA65zhQQ,3s24LgNa3B0,4,0
2026-08-14,UCFFY072qzjDnmC_uA65zhQQ,3ywF6CtsAk8,45,0.22222222222222221
2026-08-14,UCFFY072qzjDnmC_uA65zhQQ,4h2g5wBWqI4,4,0
2026-08-14,UCFFY072qzjDnmC_uA65zhQQ,4sxqdyUBRsI,7,0
2026-08-14,UCFFY072qzjDnmC_uA65zhQQ,6G6dxxvN7v4,193,0.082901554404145081
2026-08-14,UCFFY072qzjDnmC_uA65zhQQ,6LlydS0_23w,3,0
2026-08-14,UCFFY072qzjDnmC_uA65zhQQ,744vAmBXikY,4,0.25
2026-08-14,UCFFY072qzjDnmC_uA65zhQQ,7JTpRZ6EAj4,41,0
2026-08-14,UCFFY072qzjDnmC_uA65zhQQ,7sIU7b-5vCA,26,0.076923076923076927
2026-08-14,UCFFY072qzjDnmC_uA65zhQQ,8P-YiIGlBjE,36,0
2026-08-14,UCFFY072qzjDnmC_uA65zhQQ,AJmfMOm5Sls,43,0
2026-08-14,UCFFY072qzjDnmC_uA65zhQQ,BTCe24GOWqk,58,0.10344827586206896
2026-08-14,UCFFY072qzjDnmC_uA65zhQQ,BuNbDIm2ieg,5,0
2026-08-14,UCFFY072qzjDnmC_uA65zhQQ,BvnWdTTwSys,18,0
2026-08-14,UCFFY072qzjDnmC_uA65zhQQ,D5PP0Ghhk_g,9,0.22222222222222221
2026-08-14,UCFFY072qzjDnmC_uA65zhQQ,DIhEv0TjUkY,14,0
2026-08-14,UCFFY072qzjDnmC_uA65zhQQ,EPazhvJ7Jd0,1,0
2026-08-14,UCFFY072qzjDnmC_uA65zhQQ,EXv89Z4tXZ0,16,0.0625
2026-08-14,UCFFY072qzjDnmC_uA65zhQQ,EwkXAwTL_QI,2,0
2026-08-14,UCFFY072qzjDnmC_uA65zhQQ,FQHJqEfpZz8,1,0
2026-08-14,UCFFY072qzjDnmC_uA65zhQQ,FdWxDjGBIM4,53,0
2026-08-14,UCFFY072qzjDnmC_uA65zhQQ,GNVK5JQjXos,6,0
2026-08-14,UCFFY072qzjDnmC_uA65zhQQ,Gp0dyrxdI_0,9,0
2026-08-14,UCFFY072qzjDnmC_uA65zhQQ,IaCjWJ3vy48,27,0.037037037037037035
2026-08-14,UCFFY072qzjDnmC_uA65zhQQ,IvAkc1fwzUc,3,0
2026-08-14,UCFFY072qzjDnmC_uA65zhQQ,J85xwjbTMgQ,1,0
2026-08-14,UCFFY072qzjDnmC_uA65zhQQ,Klgx3o8dnlA,125,0.056
2026-08-14,UCFFY072qzjDnmC_uA65zhQQ,Klivqn7VoxY,5,0
2026-08-14,UCFFY072qzjDnmC_uA65zhQQ,KoVVQ_ay2Vg,1,0
2026-08-14,UCFFY072qzjDnmC_uA65zhQQ,LLXlFny9jYc,4,0
2026-08-14,UCFFY072qzjDnmC_uA65zhQQ,M64uEXXFdF8,21,0
2026-08-14,UCFFY072qzjDnmC_uA65zhQQ,NH01AGqUk98,3,0
2026-08-14,UCFFY072qzjDnmC_uA65zhQQ,NNKboIXrIYk,677,0.019202363367799114
2026-08-14,UCFFY072qzjDnmC_uA65zhQQ,P5J1t9IV9xE,62,0.016129032258064516
2026-08-14,UCFFY072qzjDnmC_uA65zhQQ,PGZEUuam-rA,25,0.04
2026-08-14,UCFFY072qzjDnmC_uA65zhQQ,Q__n0KC548c,9,0
2026-08-14,UCFFY072qzjDnmC_uA65zhQQ,QhRgPOmgBDU,12,0.16666666666666666
2026-08-14,UCFFY072qzjDnmC_uA65zhQQ,RGVNMIv9NeA,6,0
2026-08-14,UCFFY072qzjDnmC_uA65zhQQ,RR9mLs5RgtA,7,0
2026-08-14,UCFFY072qzjDnmC_uA65zhQQ,SPCRzy8PD3M,17,0
2026-08-14,UCFFY072qzjDnmC_uA65zhQQ,Soqxdzul340,5,0
2026-08-14,UCFFY072qzjDnmC_uA65zhQQ,UffIvNL8fLg,44,0.045454545454545456
2026-08-14,UCFFY072qzjDnmC_uA65zhQQ,VYcynJqnsyU,7,0
2026-08-14,UCFFY072qzjDnmC_uA65zhQQ,WpAYWow2Yuw,16,0.1875
2026-08-14,UCFFY072qzjDnmC_uA65zhQQ,XD8tgLIwHvQ,13,0.076923076923076927
2026-08-14,UCFFY072qzjDnmC_uA65zhQQ,YWrjNeKZBR8,16,0
2026-08-14,UCFFY072qzjDnmC_uA65zhQQ,YpA8wWTqSQc,40,0.15
2026-08-14,UCFFY072qzjDnmC_uA65zhQQ,Z4tzAXpPz0s,101,0.10891089108910891
2026-08-14,UCFFY072qzjDnmC_uA65zhQQ,ZsiHzy2w60o,4,0
2026-08-14,UCFFY072qzjDnmC_uA65zhQQ,ZzIrT1d2m4g,2,0
2026-08-14,UCFFY072qzjDnmC_uA65zhQQ,_3EAZlSh5zM,44,0
2026-08-14,UCFFY072qzjDnmC_uA65zhQQ,_mj3H2RN7Eg,3,0.33333333333333331
2026-08-14,UCFFY072qzjDnmC_uA65zhQQ,aAso_jiDQhQ,12,0
2026-08-14,UCFFY072qzjDnmC_uA65zhQQ,b5judqdZ4eI,20,0.05
2026-08-14,UCFFY072qzjDnmC_uA65zhQQ,bU-TYOpKgaQ,3,0.33333333333333331
2026-08-14,UCFFY072qzjDnmC_uA65zhQQ,dR6SIFXqyLA,31,0.0967741935483871
2026-08-14,UCFFY072qzjDnmC_uA65zhQQ,dTVe7fZeZbc,24,0.041666666666666664
2026-08-14,UCFFY072qzjDnmC_uA65zhQQ,e6JpvlA6f_4,25,0.12
2026-08-14,UCFFY072qzjDnmC_uA65zhQQ,eGedfjRrI5w,18,0.16666666666666666
2026-08-14,UCFFY072qzjDnmC_uA65zhQQ,f2T5LyFvhBM,5,0.2
2026-08-14,UCFFY072qzjDnmC_uA65zhQQ,f_G_acY5Jt4,3,0
2026-08-14,UCFFY072qzjDnmC_uA65zhQQ,h2mcGEc0hcY,68,0.044117647058823532
2026-08-14,UCFFY072qzjDnmC_uA65zhQQ,j2uFT1pKGPE,10,0
2026-08-14,UCFFY072qzjDnmC_uA65zhQQ,j7xlFldh4gM,1,0
2026-08-14,UCFFY072qzjDnmC_uA65zhQQ,kWtTpnW-uW0,7,0
2026-08-14,UCFFY072qzjDnmC_uA65zhQQ,kduz9-W_3Y0,103,0.18446601941747573
2026-08-14,UCFFY072qzjDnmC_uA65zhQQ,l6jdNIJF3CQ,4,0
2026-08-14,UCFFY072qzjDnmC_uA65zhQQ,mF_kzkE7IJ4,16,0
2026-08-14,UCFFY072qzjDnmC_uA65zhQQ,mbAcnZ8BqBY,5,0
2026-08-14,UCFFY072qzjDnmC_uA65zhQQ,nOBtQ8KqMLY,7,0
2026-08-14,UCFFY072qzjDnmC_uA65zhQQ,oI_yFGUHZY0,5,0
2026-08-14,UCFFY072qzjDnmC_uA65zhQQ,of-AvGSADq8,24,0.041666666666666664
2026-08-14,UCFFY072qzjDnmC_uA65zhQQ,pHK8uMvoDT4,10,0.2
2026-08-14,UCFFY072qzjDnmC_uA65zhQQ,pHU3663gH1I,3,0
2026-08-14,UCFFY072qzjDnmC_uA65zhQQ,pyv1_pwtQg4,4,0
2026-08-14,UCFFY072qzjDnmC_uA65zhQQ,q1uDScvMQfg,1,0
2026-08-14,UCFFY072qzjDnmC_uA65zhQQ,qTIkvUR_ysc,7,0
2026-08-14,UCFFY072qzjDnmC_uA65zhQQ,qvWP9uPmD-Y,7,0
2026-08-14,UCFFY072qzjDnmC_uA65zhQQ,rSpIRpNrtto,2,0
2026-08-14,UCFFY072qzjDnmC_uA65zhQQ,ss_JrKiSyZw,1,0
2026-08-14,UCFFY072qzjDnmC_uA65zhQQ,taTgfz1dUAc,8,0.125
2026-08-14,UCFFY072qzjDnmC_uA65zhQQ,uULJgUopqWE,4,0
2026-08-14,UCFFY072qzjDnmC_uA65zhQQ,vD5KR4XrkLk,20,0
2026-08-14,UCFFY072qzjDnmC_uA65zhQQ,vP0QjuBTyf4,39,0.12820512820512819
2026-08-14,UCFFY072qzjDnmC_uA65zhQQ,wezZH8qpWyY,1,0
2026-08-14,UCFFY072qzjDnmC_uA65zhQQ,xEkmwt0UHYs,2,0.5
2026-08-14,UCFFY072qzjDnmC_uA65zhQQ,y5HbBNKzJ0c,3,0
2026-08-14,UCFFY072qzjDnmC_uA65zhQQ,yB05q6bx2eI,9,0.1111111111111111
2026-08-14,UCFFY072qzjDnmC_uA65zhQQ,yz_uWHlsIF8,2,0
2026-08-15,UCFFY072qzjDnmC_uA65zhQQ,-7RNcKxLsWc,13,0.076923076923076927
2026-08-15,UCFFY072qzjDnmC_uA65zhQQ,-KMuetmIAs0,5,0.2
2026-08-15,UCFFY072qzjDnmC_uA65zhQQ,0ZIO4anzY5I,12,0
2026-08-15,UCFFY072qzjDnmC_uA65zhQQ,0rhTdpz0Jyc,1,0
2026-08-15,UCFFY072qzjDnmC_uA65zhQQ,1C8YIiELECI,4,0.25
2026-08-15,UCFFY072qzjDnmC_uA65zhQQ,1XNo0hTd1Kc,9,0
2026-08-15,UCFFY072qzjDnmC_uA65zhQQ,2x5xGIWsYec,1,0
2026-08-15,UCFFY072qzjDnmC_uA65zhQQ,3s24LgNa3B0,16,0.0625
2026-08-15,UCFFY072qzjDnmC_uA65zhQQ,3ywF6CtsAk8,34,0.14705882352941177
2026-08-15,UCFFY072qzjDnmC_uA65zhQQ,4h2g5wBWqI4,3,0
2026-08-15,UCFFY072qzjDnmC_uA65zhQQ,4sxqdyUBRsI,6,0
2026-08-15,UCFFY072qzjDnmC_uA65zhQQ,6G6dxxvN7v4,136,0.014705882352941176
2026-08-15,UCFFY072qzjDnmC_uA65zhQQ,6LlydS0_23w,4,0.25
2026-08-15,UCFFY072qzjDnmC_uA65zhQQ,744vAmBXikY,6,0.16666666666666666
2026-08-15,UCFFY072qzjDnmC_uA65zhQQ,7JTpRZ6EAj4,13,0
2026-08-15,UCFFY072qzjDnmC_uA65zhQQ,7bs6ELSOGFg,3,0
2026-08-15,UCFFY072qzjDnmC_uA65zhQQ,7sIU7b-5vCA,6,0
2026-08-15,UCFFY072qzjDnmC_uA65zhQQ,8P-YiIGlBjE,21,0.047619047619047616
2026-08-15,UCFFY072qzjDnmC_uA65zhQQ,9qhfAvXGR1U,2,0
2026-08-15,UCFFY072qzjDnmC_uA65zhQQ,AJmfMOm5Sls,12,0
2026-08-15,UCFFY072qzjDnmC_uA65zhQQ,BTCe24GOWqk,70,0.11428571428571428
2026-08-15,UCFFY072qzjDnmC_uA65zhQQ,BbOIL8iN8Xs,2,0
2026-08-15,UCFFY072qzjDnmC_uA65zhQQ,BuNbDIm2ieg,9,0
2026-08-15,UCFFY072qzjDnmC_uA65zhQQ,BvnWdTTwSys,29,0.034482758620689655
2026-08-15,UCFFY072qzjDnmC_uA65zhQQ,D5PP0Ghhk_g,15,0.066666666666666666
2026-08-15,UCFFY072qzjDnmC_uA65zhQQ,DIhEv0TjUkY,7,0.14285714285714285
2026-08-15,UCFFY072qzjDnmC_uA65zhQQ,EXv89Z4tXZ0,20,0
2026-08-15,UCFFY072qzjDnmC_uA65zhQQ,FQHJqEfpZz8,1,0
2026-08-15,UCFFY072qzjDnmC_uA65zhQQ,FZazL5XS_fw,4,0
2026-08-15,UCFFY072qzjDnmC_uA65zhQQ,FdWxDjGBIM4,24,0
2026-08-15,UCFFY072qzjDnmC_uA65zhQQ,GNVK5JQjXos,3,0
2026-08-15,UCFFY072qzjDnmC_uA65zhQQ,Gp0dyrxdI_0,7,0
2026-08-15,UCFFY072qzjDnmC_uA65zhQQ,IaCjWJ3vy48,35,0.057142857142857141
2026-08-15,UCFFY072qzjDnmC_uA65zhQQ,IvAkc1fwzUc,6,0
2026-08-15,UCFFY072qzjDnmC_uA65zhQQ,J85xwjbTMgQ,2,0
2026-08-15,UCFFY072qzjDnmC_uA65zhQQ,Jlc-Jtd81o0,1,0
2026-08-15,UCFFY072qzjDnmC_uA65zhQQ,Klgx3o8dnlA,114,0.11403508771929824
2026-08-15,UCFFY072qzjDnmC_uA65zhQQ,Klivqn7VoxY,1,0
2026-08-15,UCFFY072qzjDnmC_uA65zhQQ,KoVVQ_ay2Vg,2,0
2026-08-15,UCFFY072qzjDnmC_uA65zhQQ,KwYDV3D6qWg,539,0.020408163265306121
2026-08-15,UCFFY072qzjDnmC_uA65zhQQ,LLXlFny9jYc,4,0
2026-08-15,UCFFY072qzjDnmC_uA65zhQQ,M64uEXXFdF8,13,0.076923076923076927
2026-08-15,UCFFY072qzjDnmC_uA65zhQQ,NH01AGqUk98,3,0
2026-08-15,UCFFY072qzjDnmC_uA65zhQQ,NNKboIXrIYk,1207,0.014913007456503728
2026-08-15,UCFFY072qzjDnmC_uA65zhQQ,P5J1t9IV9xE,9,0
2026-08-15,UCFFY072qzjDnmC_uA65zhQQ,PGZEUuam-rA,11,0
2026-08-15,UCFFY072qzjDnmC_uA65zhQQ,Q__n0KC548c,2,0
2026-08-15,UCFFY072qzjDnmC_uA65zhQQ,QhRgPOmgBDU,3,0.33333333333333331
2026-08-15,UCFFY072qzjDnmC_uA65zhQQ,RGVNMIv9NeA,7,0
2026-08-15,UCFFY072qzjDnmC_uA65zhQQ,RR9mLs5RgtA,2,0
2026-08-15,UCFFY072qzjDnmC_uA65zhQQ,SPCRzy8PD3M,17,0.058823529411764705
2026-08-15,UCFFY072qzjDnmC_uA65zhQQ,Soqxdzul340,3,0
2026-08-15,UCFFY072qzjDnmC_uA65zhQQ,UffIvNL8fLg,22,0
2026-08-15,UCFFY072qzjDnmC_uA65zhQQ,VYcynJqnsyU,6,0.16666666666666666
2026-08-15,UCFFY072qzjDnmC_uA65zhQQ,WpAYWow2Yuw,2,0
2026-08-15,UCFFY072qzjDnmC_uA65zhQQ,XD8tgLIwHvQ,8,0
2026-08-15,UCFFY072qzjDnmC_uA65zhQQ,XQ-E73dLxTE,1,0
2026-08-15,UCFFY072qzjDnmC_uA65zhQQ,YWrjNeKZBR8,15,0.066666666666666666
2026-08-15,UCFFY072qzjDnmC_uA65zhQQ,YpA8wWTqSQc,31,0.35483870967741937
2026-08-15,UCFFY072qzjDnmC_uA65zhQQ,Z4tzAXpPz0s,76,0.078947368421052627
2026-08-15,UCFFY072qzjDnmC_uA65zhQQ,ZOBF9SJEjDU,2,0
2026-08-15,UCFFY072qzjDnmC_uA65zhQQ,ZsiHzy2w60o,7,0
2026-08-15,UCFFY072qzjDnmC_uA65zhQQ,ZzIrT1d2m4g,1,0
2026-08-15,UCFFY072qzjDnmC_uA65zhQQ,_3EAZlSh5zM,25,0.04
2026-08-15,UCFFY072qzjDnmC_uA65zhQQ,_mj3H2RN7Eg,7,0
2026-08-15,UCFFY072qzjDnmC_uA65zhQQ,aAso_jiDQhQ,17,0.058823529411764705
2026-08-15,UCFFY072qzjDnmC_uA65zhQQ,b5judqdZ4eI,18,0.055555555555555552
2026-08-15,UCFFY072qzjDnmC_uA65zhQQ,bU-TYOpKgaQ,5,0.2
2026-08-15,UCFFY072qzjDnmC_uA65zhQQ,dR6SIFXqyLA,20,0.05
2026-08-15,UCFFY072qzjDnmC_uA65zhQQ,dTVe7fZeZbc,29,0.10344827586206896
2026-08-15,UCFFY072qzjDnmC_uA65zhQQ,e6JpvlA6f_4,20,0
2026-08-15,UCFFY072qzjDnmC_uA65zhQQ,eGedfjRrI5w,4,0
2026-08-15,UCFFY072qzjDnmC_uA65zhQQ,f2T5LyFvhBM,6,0
2026-08-15,UCFFY072qzjDnmC_uA65zhQQ,f3GFgdZYHG4,2,0
2026-08-15,UCFFY072qzjDnmC_uA65zhQQ,fGezis2rjZA,3,0
2026-08-15,UCFFY072qzjDnmC_uA65zhQQ,f_G_acY5Jt4,2,0
2026-08-15,UCFFY072qzjDnmC_uA65zhQQ,h2mcGEc0hcY,52,0.13461538461538461
2026-08-15,UCFFY072qzjDnmC_uA65zhQQ,j2uFT1pKGPE,13,0
2026-08-15,UCFFY072qzjDnmC_uA65zhQQ,kWtTpnW-uW0,8,0.125
2026-08-15,UCFFY072qzjDnmC_uA65zhQQ,kduz9-W_3Y0,80,0.1875
2026-08-15,UCFFY072qzjDnmC_uA65zhQQ,l6jdNIJF3CQ,6,0
2026-08-15,UCFFY072qzjDnmC_uA65zhQQ,mF_kzkE7IJ4,11,0
2026-08-15,UCFFY072qzjDnmC_uA65zhQQ,mbAcnZ8BqBY,4,0
2026-08-15,UCFFY072qzjDnmC_uA65zhQQ,nOBtQ8KqMLY,9,0
2026-08-15,UCFFY072qzjDnmC_uA65zhQQ,oI_yFGUHZY0,3,0
2026-08-15,UCFFY072qzjDnmC_uA65zhQQ,of-AvGSADq8,26,0
2026-08-15,UCFFY072qzjDnmC_uA65zhQQ,pHK8uMvoDT4,7,0
2026-08-15,UCFFY072qzjDnmC_uA65zhQQ,pHU3663gH1I,6,0
2026-08-15,UCFFY072qzjDnmC_uA65zhQQ,pyv1_pwtQg4,3,0
2026-08-15,UCFFY072qzjDnmC_uA65zhQQ,q1uDScvMQfg,3,0
2026-08-15,UCFFY072qzjDnmC_uA65zhQQ,qTIkvUR_ysc,5,0
2026-08-15,UCFFY072qzjDnmC_uA65zhQQ,qvWP9uPmD-Y,12,0.083333333333333329
2026-08-15,UCFFY072qzjDnmC_uA65zhQQ,rSpIRpNrtto,5,0
2026-08-15,UCFFY072qzjDnmC_uA65zhQQ,ss_JrKiSyZw,2,0
2026-08-15,UCFFY072qzjDnmC_uA65zhQQ,taTgfz1dUAc,6,0.33333333333333331
2026-08-15,UCFFY072qzjDnmC_uA65zhQQ,uULJgUopqWE,12,0.083333333333333329
2026-08-15,UCFFY072qzjDnmC_uA65zhQQ,vD5KR4XrkLk,26,0.038461538461538464
2026-08-15,UCFFY072qzjDnmC_uA65zhQQ,vP0QjuBTyf4,32,0.125
2026-08-15,UCFFY072qzjDnmC_uA65zhQQ,wezZH8qpWyY,3,0
2026-08-15,UCFFY072qzjDnmC_uA65zhQQ,y5HbBNKzJ0c,5,0
2026-08-15,UCFFY072qzjDnmC_uA65zhQQ,yB05q6bx2eI,18,0.055555555555555552
2026-08-15,UCFFY072qzjDnmC_uA65zhQQ,yF5ucLxQLsU,5,0
2026-08-15,UCFFY072qzjDnmC_uA65zhQQ,yz_uWHlsIF8,3,0.33333333333333331
2026-08-16,UCFFY072qzjDnmC_uA65zhQQ,-7RNcKxLsWc,25,0.04
2026-08-16,UCFFY072qzjDnmC_uA65zhQQ,-KMuetmIAs0,2,0
2026-08-16,UCFFY072qzjDnmC_uA65zhQQ,-qTAD9VNJHg,1,0
2026-08-16,UCFFY072qzjDnmC_uA65zhQQ,0ZIO4anzY5I,5,0
2026-08-16,UCFFY072qzjDnmC_uA65zhQQ,0rhTdpz0Jyc,4,0
2026-08-16,UCFFY072qzjDnmC_uA65zhQQ,1C8YIiELECI,4,0
2026-08-16,UCFFY072qzjDnmC_uA65zhQQ,1XNo0hTd1Kc,3,0
2026-08-16,UCFFY072qzjDnmC_uA65zhQQ,3s24LgNa3B0,4,0
2026-08-16,UCFFY072qzjDnmC_uA65zhQQ,3ywF6CtsAk8,45,0.28888888888888886
2026-08-16,UCFFY072qzjDnmC_uA65zhQQ,4h2g5wBWqI4,3,0
2026-08-16,UCFFY072qzjDnmC_uA65zhQQ,4sxqdyUBRsI,4,0
2026-08-16,UCFFY072qzjDnmC_uA65zhQQ,6G6dxxvN7v4,36,0
2026-08-16,UCFFY072qzjDnmC_uA65zhQQ,6LlydS0_23w,3,0
2026-08-16,UCFFY072qzjDnmC_uA65zhQQ,744vAmBXikY,8,0.375
2026-08-16,UCFFY072qzjDnmC_uA65zhQQ,7JTpRZ6EAj4,11,0.090909090909090912
2026-08-16,UCFFY072qzjDnmC_uA65zhQQ,7bs6ELSOGFg,2,0
2026-08-16,UCFFY072qzjDnmC_uA65zhQQ,7sIU7b-5vCA,10,0
2026-08-16,UCFFY072qzjDnmC_uA65zhQQ,8P-YiIGlBjE,12,0
2026-08-16,UCFFY072qzjDnmC_uA65zhQQ,9qhfAvXGR1U,8,0.125
2026-08-16,UCFFY072qzjDnmC_uA65zhQQ,AJmfMOm5Sls,11,0
2026-08-16,UCFFY072qzjDnmC_uA65zhQQ,BTCe24GOWqk,63,0.1111111111111111
2026-08-16,UCFFY072qzjDnmC_uA65zhQQ,BuNbDIm2ieg,2,0
2026-08-16,UCFFY072qzjDnmC_uA65zhQQ,BvnWdTTwSys,25,0.04
2026-08-16,UCFFY072qzjDnmC_uA65zhQQ,D5PP0Ghhk_g,6,0.66666666666666663
2026-08-16,UCFFY072qzjDnmC_uA65zhQQ,DIhEv0TjUkY,8,0.25
2026-08-16,UCFFY072qzjDnmC_uA65zhQQ,EPazhvJ7Jd0,3,0
2026-08-16,UCFFY072qzjDnmC_uA65zhQQ,EXv89Z4tXZ0,8,0
2026-08-16,UCFFY072qzjDnmC_uA65zhQQ,FQHJqEfpZz8,8,0
2026-08-16,UCFFY072qzjDnmC_uA65zhQQ,FZazL5XS_fw,2,0
2026-08-16,UCFFY072qzjDnmC_uA65zhQQ,FdWxDjGBIM4,25,0.04
2026-08-16,UCFFY072qzjDnmC_uA65zhQQ,GNVK5JQjXos,3,0
2026-08-16,UCFFY072qzjDnmC_uA65zhQQ,Gp0dyrxdI_0,7,0
2026-08-16,UCFFY072qzjDnmC_uA65zhQQ,IaCjWJ3vy48,30,0
2026-08-16,UCFFY072qzjDnmC_uA65zhQQ,IvAkc1fwzUc,6,0
2026-08-16,UCFFY072qzjDnmC_uA65zhQQ,Jlc-Jtd81o0,2,0
2026-08-16,UCFFY072qzjDnmC_uA65zhQQ,Klgx3o8dnlA,84,0.071428571428571425
2026-08-16,UCFFY072qzjDnmC_uA65zhQQ,Klivqn7VoxY,3,0
2026-08-16,UCFFY072qzjDnmC_uA65zhQQ,KoVVQ_ay2Vg,3,0
2026-08-16,UCFFY072qzjDnmC_uA65zhQQ,KwYDV3D6qWg,689,0.06095791001451379
2026-08-16,UCFFY072qzjDnmC_uA65zhQQ,LLXlFny9jYc,2,0
2026-08-16,UCFFY072qzjDnmC_uA65zhQQ,M64uEXXFdF8,16,0
2026-08-16,UCFFY072qzjDnmC_uA65zhQQ,NH01AGqUk98,4,0
2026-08-16,UCFFY072qzjDnmC_uA65zhQQ,NNKboIXrIYk,184,0.032608695652173912
2026-08-16,UCFFY072qzjDnmC_uA65zhQQ,P5J1t9IV9xE,8,0
2026-08-16,UCFFY072qzjDnmC_uA65zhQQ,PGZEUuam-rA,17,0.17647058823529413
2026-08-16,UCFFY072qzjDnmC_uA65zhQQ,Q__n0KC548c,8,0
2026-08-16,UCFFY072qzjDnmC_uA65zhQQ,QhRgPOmgBDU,5,0
2026-08-16,UCFFY072qzjDnmC_uA65zhQQ,RGVNMIv9NeA,13,0
2026-08-16,UCFFY072qzjDnmC_uA65zhQQ,RR9mLs5RgtA,1,0
2026-08-16,UCFFY072qzjDnmC_uA65zhQQ,SPCRzy8PD3M,32,0.0625
2026-08-16,UCFFY072qzjDnmC_uA65zhQQ,Soqxdzul340,3,0
2026-08-16,UCFFY072qzjDnmC_uA65zhQQ,UffIvNL8fLg,24,0
2026-08-16,UCFFY072qzjDnmC_uA65zhQQ,VYcynJqnsyU,10,0
2026-08-16,UCFFY072qzjDnmC_uA65zhQQ,WpAYWow2Yuw,2,0
2026-08-16,UCFFY072qzjDnmC_uA65zhQQ,XD8tgLIwHvQ,2,0
2026-08-16,UCFFY072qzjDnmC_uA65zhQQ,YWrjNeKZBR8,8,0
2026-08-16,UCFFY072qzjDnmC_uA65zhQQ,YpA8wWTqSQc,17,0.23529411764705882
2026-08-16,UCFFY072qzjDnmC_uA65zhQQ,Z4tzAXpPz0s,70,0.071428571428571425
2026-08-16,UCFFY072qzjDnmC_uA65zhQQ,ZsiHzy2w60o,5,0
2026-08-16,UCFFY072qzjDnmC_uA65zhQQ,ZzIrT1d2m4g,2,0
2026-08-16,UCFFY072qzjDnmC_uA65zhQQ,_3EAZlSh5zM,23,0
2026-08-16,UCFFY072qzjDnmC_uA65zhQQ,_mj3H2RN7Eg,5,0
2026-08-16,UCFFY072qzjDnmC_uA65zhQQ,aAso_jiDQhQ,4,0
2026-08-16,UCFFY072qzjDnmC_uA65zhQQ,b5judqdZ4eI,17,0.058823529411764705
2026-08-16,UCFFY072qzjDnmC_uA65zhQQ,bU-TYOpKgaQ,2,0
2026-08-16,UCFFY072qzjDnmC_uA65zhQQ,cV2OR1RSz8o,188,0.0053191489361702126
2026-08-16,UCFFY072qzjDnmC_uA65zhQQ,dR6SIFXqyLA,16,0.0625
2026-08-16,UCFFY072qzjDnmC_uA65zhQQ,dTVe7fZeZbc,15,0
2026-08-16,UCFFY072qzjDnmC_uA65zhQQ,e6JpvlA6f_4,20,0.05
2026-08-16,UCFFY072qzjDnmC_uA65zhQQ,eGedfjRrI5w,1,0
2026-08-16,UCFFY072qzjDnmC_uA65zhQQ,f2T5LyFvhBM,1,0
2026-08-16,UCFFY072qzjDnmC_uA65zhQQ,f3GFgdZYHG4,2,0
2026-08-16,UCFFY072qzjDnmC_uA65zhQQ,fGezis2rjZA,2,0
2026-08-16,UCFFY072qzjDnmC_uA65zhQQ,f_G_acY5Jt4,2,0
2026-08-16,UCFFY072qzjDnmC_uA65zhQQ,h2mcGEc0hcY,45,0.044444444444444446
2026-08-16,UCFFY072qzjDnmC_uA65zhQQ,j2uFT1pKGPE,10,0
2026-08-16,UCFFY072qzjDnmC_uA65zhQQ,kWtTpnW-uW0,7,0.14285714285714285
2026-08-16,UCFFY072qzjDnmC_uA65zhQQ,kduz9-W_3Y0,94,0.11702127659574468
2026-08-16,UCFFY072qzjDnmC_uA65zhQQ,l6jdNIJF3CQ,13,0
2026-08-16,UCFFY072qzjDnmC_uA65zhQQ,mF_kzkE7IJ4,15,0.066666666666666666
2026-08-16,UCFFY072qzjDnmC_uA65zhQQ,mbAcnZ8BqBY,4,0
2026-08-16,UCFFY072qzjDnmC_uA65zhQQ,nOBtQ8KqMLY,4,0.25
2026-08-16,UCFFY072qzjDnmC_uA65zhQQ,oI_yFGUHZY0,9,0.1111111111111111
2026-08-16,UCFFY072qzjDnmC_uA65zhQQ,of-AvGSADq8,33,0
2026-08-16,UCFFY072qzjDnmC_uA65zhQQ,pHK8uMvoDT4,10,0
2026-08-16,UCFFY072qzjDnmC_uA65zhQQ,pHU3663gH1I,5,0.4
2026-08-16,UCFFY072qzjDnmC_uA65zhQQ,qTIkvUR_ysc,6,0
2026-08-16,UCFFY072qzjDnmC_uA65zhQQ,qvWP9uPmD-Y,10,0
2026-08-16,UCFFY072qzjDnmC_uA65zhQQ,rSpIRpNrtto,4,0
2026-08-16,UCFFY072qzjDnmC_uA65zhQQ,ss_JrKiSyZw,1,0
2026-08-16,UCFFY072qzjDnmC_uA65zhQQ,taTgfz1dUAc,5,0
2026-08-16,UCFFY072qzjDnmC_uA65zhQQ,uULJgUopqWE,9,0
2026-08-16,UCFFY072qzjDnmC_uA65zhQQ,vD5KR4XrkLk,17,0.058823529411764705
2026-08-16,UCFFY072qzjDnmC_uA65zhQQ,vP0QjuBTyf4,22,0.090909090909090912
2026-08-16,UCFFY072qzjDnmC_uA65zhQQ,y5HbBNKzJ0c,1,0
2026-08-16,UCFFY072qzjDnmC_uA65zhQQ,yB05q6bx2eI,8,0.25
2026-08-16,UCFFY072qzjDnmC_uA65zhQQ,yF5ucLxQLsU,3,0
2026-08-16,UCFFY072qzjDnmC_uA65zhQQ,yz_uWHlsIF8,3,0
2026-08-17,UCFFY072qzjDnmC_uA65zhQQ,-7RNcKxLsWc,25,0.12
2026-08-17,UCFFY072qzjDnmC_uA65zhQQ,-KMuetmIAs0,7,0
2026-08-17,UCFFY072qzjDnmC_uA65zhQQ,-qTAD9VNJHg,3,0
2026-08-17,UCFFY072qzjDnmC_uA65zhQQ,-vseQgEaQd8,2,0
2026-08-17,UCFFY072qzjDnmC_uA65zhQQ,0ZIO4anzY5I,15,0.13333333333333333
2026-08-17,UCFFY072qzjDnmC_uA65zhQQ,0rhTdpz0Jyc,2,0
2026-08-17,UCFFY072qzjDnmC_uA65zhQQ,1C8YIiELECI,8,0.125
2026-08-17,UCFFY072qzjDnmC_uA65zhQQ,1XNo0hTd1Kc,7,0
2026-08-17,UCFFY072qzjDnmC_uA65zhQQ,2PLwXk__E14,2,0
2026-08-17,UCFFY072qzjDnmC_uA65zhQQ,2x5xGIWsYec,2,0
2026-08-17,UCFFY072qzjDnmC_uA65zhQQ,3s24LgNa3B0,15,0.2
2026-08-17,UCFFY072qzjDnmC_uA65zhQQ,3ywF6CtsAk8,34,0.11764705882352941
2026-08-17,UCFFY072qzjDnmC_uA65zhQQ,4h2g5wBWqI4,3,0
2026-08-17,UCFFY072qzjDnmC_uA65zhQQ,4sxqdyUBRsI,5,0
2026-08-17,UCFFY072qzjDnmC_uA65zhQQ,6G6dxxvN7v4,41,0
2026-08-17,UCFFY072qzjDnmC_uA65zhQQ,6LlydS0_23w,3,0
2026-08-17,UCFFY072qzjDnmC_uA65zhQQ,6irjGxFpmj4,2,0
2026-08-17,UCFFY072qzjDnmC_uA65zhQQ,744vAmBXikY,12,0
2026-08-17,UCFFY072qzjDnmC_uA65zhQQ,7JTpRZ6EAj4,30,0
2026-08-17,UCFFY072qzjDnmC_uA65zhQQ,7bs6ELSOGFg,3,0
2026-08-17,UCFFY072qzjDnmC_uA65zhQQ,7sIU7b-5vCA,7,0
2026-08-17,UCFFY072qzjDnmC_uA65zhQQ,8P-YiIGlBjE,10,0
2026-08-17,UCFFY072qzjDnmC_uA65zhQQ,9qhfAvXGR1U,6,0
2026-08-17,UCFFY072qzjDnmC_uA65zhQQ,AJmfMOm5Sls,5,0
2026-08-17,UCFFY072qzjDnmC_uA65zhQQ,BTCe24GOWqk,92,0.076086956521739135
2026-08-17,UCFFY072qzjDnmC_uA65zhQQ,BuNbDIm2ieg,8,0
2026-08-17,UCFFY072qzjDnmC_uA65zhQQ,BvnWdTTwSys,17,0
2026-08-17,UCFFY072qzjDnmC_uA65zhQQ,CVCUMNF_koE,3,0
2026-08-17,UCFFY072qzjDnmC_uA65zhQQ,D5PP0Ghhk_g,14,0.35714285714285715
2026-08-17,UCFFY072qzjDnmC_uA65zhQQ,DIhEv0TjUkY,15,0
2026-08-17,UCFFY072qzjDnmC_uA65zhQQ,EPazhvJ7Jd0,3,0
2026-08-17,UCFFY072qzjDnmC_uA65zhQQ,EXv89Z4tXZ0,15,0
2026-08-17,UCFFY072qzjDnmC_uA65zhQQ,FQHJqEfpZz8,5,0
2026-08-17,UCFFY072qzjDnmC_uA65zhQQ,FZazL5XS_fw,4,0
2026-08-17,UCFFY072qzjDnmC_uA65zhQQ,FdWxDjGBIM4,19,0
2026-08-17,UCFFY072qzjDnmC_uA65zhQQ,GNVK5JQjXos,6,0.16666666666666666
2026-08-17,UCFFY072qzjDnmC_uA65zhQQ,Gp0dyrxdI_0,5,0
2026-08-17,UCFFY072qzjDnmC_uA65zhQQ,HXCcgOM0Uws,2,0
2026-08-17,UCFFY072qzjDnmC_uA65zhQQ,IaCjWJ3vy48,42,0.047619047619047616
2026-08-17,UCFFY072qzjDnmC_uA65zhQQ,IvAkc1fwzUc,10,0.2
2026-08-17,UCFFY072qzjDnmC_uA65zhQQ,J85xwjbTMgQ,6,0
2026-08-17,UCFFY072qzjDnmC_uA65zhQQ,Jlc-Jtd81o0,3,0
2026-08-17,UCFFY072qzjDnmC_uA65zhQQ,Klgx3o8dnlA,59,0.016949152542372881
2026-08-17,UCFFY072qzjDnmC_uA65zhQQ,Klivqn7VoxY,1,0
2026-08-17,UCFFY072qzjDnmC_uA65zhQQ,KoVVQ_ay2Vg,2,0
2026-08-17,UCFFY072qzjDnmC_uA65zhQQ,KwYDV3D6qWg,300,0.063333333333333339
2026-08-17,UCFFY072qzjDnmC_uA65zhQQ,LLXlFny9jYc,3,0
2026-08-17,UCFFY072qzjDnmC_uA65zhQQ,LRNKHD90ThE,2,0
2026-08-17,UCFFY072qzjDnmC_uA65zhQQ,M64uEXXFdF8,14,0
2026-08-17,UCFFY072qzjDnmC_uA65zhQQ,NH01AGqUk98,2,0
2026-08-17,UCFFY072qzjDnmC_uA65zhQQ,NNKboIXrIYk,93,0.032258064516129031
2026-08-17,UCFFY072qzjDnmC_uA65zhQQ,P5J1t9IV9xE,19,0.15789473684210525
2026-08-17,UCFFY072qzjDnmC_uA65zhQQ,PGZEUuam-rA,17,0
2026-08-17,UCFFY072qzjDnmC_uA65zhQQ,Q__n0KC548c,10,0
2026-08-17,UCFFY072qzjDnmC_uA65zhQQ,QhRgPOmgBDU,5,0.2
2026-08-17,UCFFY072qzjDnmC_uA65zhQQ,RGVNMIv9NeA,15,0
2026-08-17,UCFFY072qzjDnmC_uA65zhQQ,RR9mLs5RgtA,4,0
2026-08-17,UCFFY072qzjDnmC_uA65zhQQ,RqNhgaAulhI,2,0
2026-08-17,UCFFY072qzjDnmC_uA65zhQQ,SPCRzy8PD3M,14,0
2026-08-17,UCFFY072qzjDnmC_uA65zhQQ,Soqxdzul340,7,0
2026-08-17,UCFFY072qzjDnmC_uA65zhQQ,UffIvNL8fLg,26,0
2026-08-17,UCFFY072qzjDnmC_uA65zhQQ,VYcynJqnsyU,6,0
2026-08-17,UCFFY072qzjDnmC_uA65zhQQ,WpAYWow2Yuw,11,0
2026-08-17,UCFFY072qzjDnmC_uA65zhQQ,XD8tgLIwHvQ,2,0
2026-08-17,UCFFY072qzjDnmC_uA65zhQQ,YWrjNeKZBR8,26,0
2026-08-17,UCFFY072qzjDnmC_uA65zhQQ,YpA8wWTqSQc,19,0.31578947368421051
2026-08-17,UCFFY072qzjDnmC_uA65zhQQ,YrMnQa68sQc,1,0
2026-08-17,UCFFY072qzjDnmC_uA65zhQQ,Z4tzAXpPz0s,94,0.074468085106382975
2026-08-17,UCFFY072qzjDnmC_uA65zhQQ,ZsiHzy2w60o,22,0.18181818181818182
2026-08-17,UCFFY072qzjDnmC_uA65zhQQ,ZzIrT1d2m4g,7,0
2026-08-17,UCFFY072qzjDnmC_uA65zhQQ,_3EAZlSh5zM,13,0
2026-08-17,UCFFY072qzjDnmC_uA65zhQQ,_mj3H2RN7Eg,3,0.33333333333333331
2026-08-17,UCFFY072qzjDnmC_uA65zhQQ,aAso_jiDQhQ,10,0
2026-08-17,UCFFY072qzjDnmC_uA65zhQQ,b5judqdZ4eI,11,0.090909090909090912
2026-08-17,UCFFY072qzjDnmC_uA65zhQQ,bU-TYOpKgaQ,3,0
2026-08-17,UCFFY072qzjDnmC_uA65zhQQ,cV2OR1RSz8o,186,0.0053763440860215058
2026-08-17,UCFFY072qzjDnmC_uA65zhQQ,cuI3UY3v3gI,2,0
2026-08-17,UCFFY072qzjDnmC_uA65zhQQ,dR6SIFXqyLA,10,0
2026-08-17,UCFFY072qzjDnmC_uA65zhQQ,dTVe7fZeZbc,13,0
2026-08-17,UCFFY072qzjDnmC_uA65zhQQ,e6JpvlA6f_4,10,0
2026-08-17,UCFFY072qzjDnmC_uA65zhQQ,eGedfjRrI5w,9,0
2026-08-17,UCFFY072qzjDnmC_uA65zhQQ,enGt0Pp-btg,212,0.084905660377358486
2026-08-17,UCFFY072qzjDnmC_uA65zhQQ,f2T5LyFvhBM,5,0
2026-08-17,UCFFY072qzjDnmC_uA65zhQQ,f3GFgdZYHG4,3,0
2026-08-17,UCFFY072qzjDnmC_uA65zhQQ,fGezis2rjZA,4,0
2026-08-17,UCFFY072qzjDnmC_uA65zhQQ,f_G_acY5Jt4,4,0
2026-08-17,UCFFY072qzjDnmC_uA65zhQQ,h2mcGEc0hcY,52,0.057692307692307696
2026-08-17,UCFFY072qzjDnmC_uA65zhQQ,j2uFT1pKGPE,7,0
2026-08-17,UCFFY072qzjDnmC_uA65zhQQ,jW3y87r-g8k,2,0
2026-08-17,UCFFY072qzjDnmC_uA65zhQQ,kWtTpnW-uW0,6,0
2026-08-17,UCFFY072qzjDnmC_uA65zhQQ,kduz9-W_3Y0,58,0.15517241379310345
2026-08-17,UCFFY072qzjDnmC_uA65zhQQ,l6jdNIJF3CQ,13,0.076923076923076927
2026-08-17,UCFFY072qzjDnmC_uA65zhQQ,mF_kzkE7IJ4,24,0.041666666666666664
2026-08-17,UCFFY072qzjDnmC_uA65zhQQ,mbAcnZ8BqBY,6,0
2026-08-17,UCFFY072qzjDnmC_uA65zhQQ,nOBtQ8KqMLY,13,0.076923076923076927
2026-08-17,UCFFY072qzjDnmC_uA65zhQQ,oI_yFGUHZY0,9,0
2026-08-17,UCFFY072qzjDnmC_uA65zhQQ,of-AvGSADq8,20,0
2026-08-17,UCFFY072qzjDnmC_uA65zhQQ,pHK8uMvoDT4,10,0
2026-08-17,UCFFY072qzjDnmC_uA65zhQQ,pHU3663gH1I,5,0.2
2026-08-17,UCFFY072qzjDnmC_uA65zhQQ,pphVqANkxtE,1,0
2026-08-17,UCFFY072qzjDnmC_uA65zhQQ,pyv1_pwtQg4,4,0
2026-08-17,UCFFY072qzjDnmC_uA65zhQQ,q1uDScvMQfg,9,0
2026-08-17,UCFFY072qzjDnmC_uA65zhQQ,qTIkvUR_ysc,3,0
2026-08-17,UCFFY072qzjDnmC_uA65zhQQ,qvWP9uPmD-Y,7,0
2026-08-17,UCFFY072qzjDnmC_uA65zhQQ,rAAA7glPy5o,2,0
2026-08-17,UCFFY072qzjDnmC_uA65zhQQ,rSpIRpNrtto,7,0
2026-08-17,UCFFY072qzjDnmC_uA65zhQQ,ss_JrKiSyZw,8,0.125
2026-08-17,UCFFY072qzjDnmC_uA65zhQQ,taTgfz1dUAc,10,0
2026-08-17,UCFFY072qzjDnmC_uA65zhQQ,uULJgUopqWE,13,0
2026-08-17,UCFFY072qzjDnmC_uA65zhQQ,vD5KR4XrkLk,12,0.33333333333333331
2026-08-17,UCFFY072qzjDnmC_uA65zhQQ,vP0QjuBTyf4,17,0.11764705882352941
2026-08-17,UCFFY072qzjDnmC_uA65zhQQ,wezZH8qpWyY,1,0
2026-08-17,UCFFY072qzjDnmC_uA65zhQQ,xEkmwt0UHYs,2,0
2026-08-17,UCFFY072qzjDnmC_uA65zhQQ,y5HbBNKzJ0c,3,0
2026-08-17,UCFFY072qzjDnmC_uA65zhQQ,yB05q6bx2eI,19,0.052631578947368418
2026-08-17,UCFFY072qzjDnmC_uA65zhQQ,yF5ucLxQLsU,4,0
2026-08-17,UCFFY072qzjDnmC_uA65zhQQ,yz_uWHlsIF8,8,0.125
2026-08-18,UCFFY072qzjDnmC_uA65zhQQ,-7RNcKxLsWc,5,0
2026-08-18,UCFFY072qzjDnmC_uA65zhQQ,-KMuetmIAs0,6,0
2026-08-18,UCFFY072qzjDnmC_uA65zhQQ,-qTAD9VNJHg,1,0
2026-08-18,UCFFY072qzjDnmC_uA65zhQQ,0ZIO4anzY5I,10,0.1
2026-08-18,UCFFY072qzjDnmC_uA65zhQQ,0rhTdpz0Jyc,1,0
2026-08-18,UCFFY072qzjDnmC_uA65zhQQ,1C8YIiELECI,4,0
2026-08-18,UCFFY072qzjDnmC_uA65zhQQ,1XNo0hTd1Kc,4,0
2026-08-18,UCFFY072qzjDnmC_uA65zhQQ,2x5xGIWsYec,1,0
2026-08-18,UCFFY072qzjDnmC_uA65zhQQ,3s24LgNa3B0,14,0.14285714285714285
2026-08-18,UCFFY072qzjDnmC_uA65zhQQ,3ywF6CtsAk8,21,0.14285714285714285
2026-08-18,UCFFY072qzjDnmC_uA65zhQQ,4h2g5wBWqI4,4,0
2026-08-18,UCFFY072qzjDnmC_uA65zhQQ,4sxqdyUBRsI,2,0
2026-08-18,UCFFY072qzjDnmC_uA65zhQQ,5b0cN1058sg,708,0.097457627118644072
2026-08-18,UCFFY072qzjDnmC_uA65zhQQ,6G6dxxvN7v4,39,0
2026-08-18,UCFFY072qzjDnmC_uA65zhQQ,6LlydS0_23w,11,0.18181818181818182
2026-08-18,UCFFY072qzjDnmC_uA65zhQQ,744vAmBXikY,5,0
2026-08-18,UCFFY072qzjDnmC_uA65zhQQ,7JTpRZ6EAj4,93,0.032258064516129031
2026-08-18,UCFFY072qzjDnmC_uA65zhQQ,7bs6ELSOGFg,2,0
2026-08-18,UCFFY072qzjDnmC_uA65zhQQ,7sIU7b-5vCA,1,0
2026-08-18,UCFFY072qzjDnmC_uA65zhQQ,8P-YiIGlBjE,4,0
2026-08-18,UCFFY072qzjDnmC_uA65zhQQ,9qhfAvXGR1U,2,0
2026-08-18,UCFFY072qzjDnmC_uA65zhQQ,AJmfMOm5Sls,4,0
2026-08-18,UCFFY072qzjDnmC_uA65zhQQ,BTCe24GOWqk,104,0.04807692307692308
2026-08-18,UCFFY072qzjDnmC_uA65zhQQ,BuNbDIm2ieg,5,0
2026-08-18,UCFFY072qzjDnmC_uA65zhQQ,BvnWdTTwSys,14,0.14285714285714285
2026-08-18,UCFFY072qzjDnmC_uA65zhQQ,CVCUMNF_koE,1,0
2026-08-18,UCFFY072qzjDnmC_uA65zhQQ,D5PP0Ghhk_g,14,0.21428571428571427
2026-08-18,UCFFY072qzjDnmC_uA65zhQQ,DIhEv0TjUkY,5,0
2026-08-18,UCFFY072qzjDnmC_uA65zhQQ,EPazhvJ7Jd0,4,0.25
2026-08-18,UCFFY072qzjDnmC_uA65zhQQ,EXv89Z4tXZ0,3,0
2026-08-18,UCFFY072qzjDnmC_uA65zhQQ,EwkXAwTL_QI,1,0
2026-08-18,UCFFY072qzjDnmC_uA65zhQQ,FQHJqEfpZz8,3,0
2026-08-18,UCFFY072qzjDnmC_uA65zhQQ,FZazL5XS_fw,2,0
2026-08-18,UCFFY072qzjDnmC_uA65zhQQ,FdWxDjGBIM4,15,0
2026-08-18,UCFFY072qzjDnmC_uA65zhQQ,GNVK5JQjXos,13,0.076923076923076927
2026-08-18,UCFFY072qzjDnmC_uA65zhQQ,Gp0dyrxdI_0,5,0
2026-08-18,UCFFY072qzjDnmC_uA65zhQQ,HXCcgOM0Uws,1,0
2026-08-18,UCFFY072qzjDnmC_uA65zhQQ,IaCjWJ3vy48,84,0.047619047619047616
2026-08-18,UCFFY072qzjDnmC_uA65zhQQ,IvAkc1fwzUc,9,0
2026-08-18,UCFFY072qzjDnmC_uA65zhQQ,J85xwjbTMgQ,3,0.33333333333333331
2026-08-18,UCFFY072qzjDnmC_uA65zhQQ,Jlc-Jtd81o0,1,0
2026-08-18,UCFFY072qzjDnmC_uA65zhQQ,Klgx3o8dnlA,63,0.079365079365079361
2026-08-18,UCFFY072qzjDnmC_uA65zhQQ,Klivqn7VoxY,2,0
2026-08-18,UCFFY072qzjDnmC_uA65zhQQ,KoVVQ_ay2Vg,3,0.33333333333333331
2026-08-18,UCFFY072qzjDnmC_uA65zhQQ,KwYDV3D6qWg,185,0.043243243243243246
2026-08-18,UCFFY072qzjDnmC_uA65zhQQ,LLXlFny9jYc,13,0
2026-08-18,UCFFY072qzjDnmC_uA65zhQQ,M64uEXXFdF8,12,0
2026-08-18,UCFFY072qzjDnmC_uA65zhQQ,NH01AGqUk98,2,1
2026-08-18,UCFFY072qzjDnmC_uA65zhQQ,NNKboIXrIYk,289,0.038062283737024222
2026-08-18,UCFFY072qzjDnmC_uA65zhQQ,P5J1t9IV9xE,10,0
2026-08-18,UCFFY072qzjDnmC_uA65zhQQ,PGZEUuam-rA,20,0
2026-08-18,UCFFY072qzjDnmC_uA65zhQQ,Q__n0KC548c,11,0
2026-08-18,UCFFY072qzjDnmC_uA65zhQQ,QhRgPOmgBDU,6,0.16666666666666666
2026-08-18,UCFFY072qzjDnmC_uA65zhQQ,RGVNMIv9NeA,5,0
2026-08-18,UCFFY072qzjDnmC_uA65zhQQ,RR9mLs5RgtA,2,0
2026-08-18,UCFFY072qzjDnmC_uA65zhQQ,SPCRzy8PD3M,21,0.047619047619047616
2026-08-18,UCFFY072qzjDnmC_uA65zhQQ,Soqxdzul340,6,0.33333333333333331
2026-08-18,UCFFY072qzjDnmC_uA65zhQQ,UffIvNL8fLg,9,0
2026-08-18,UCFFY072qzjDnmC_uA65zhQQ,VYcynJqnsyU,8,0
2026-08-18,UCFFY072qzjDnmC_uA65zhQQ,WmZQp0iNKWU,142,0.021126760563380281
2026-08-18,UCFFY072qzjDnmC_uA65zhQQ,WpAYWow2Yuw,5,0.2
2026-08-18,UCFFY072qzjDnmC_uA65zhQQ,XD8tgLIwHvQ,1,0
2026-08-18,UCFFY072qzjDnmC_uA65zhQQ,YWrjNeKZBR8,18,0.055555555555555552
2026-08-18,UCFFY072qzjDnmC_uA65zhQQ,YpA8wWTqSQc,16,0.0625
2026-08-18,UCFFY072qzjDnmC_uA65zhQQ,Z4tzAXpPz0s,53,0.075471698113207544
2026-08-18,UCFFY072qzjDnmC_uA65zhQQ,ZsiHzy2w60o,12,0.083333333333333329
2026-08-18,UCFFY072qzjDnmC_uA65zhQQ,ZzIrT1d2m4g,2,0
2026-08-18,UCFFY072qzjDnmC_uA65zhQQ,_3EAZlSh5zM,13,0.076923076923076927
2026-08-18,UCFFY072qzjDnmC_uA65zhQQ,aAso_jiDQhQ,10,0.1
2026-08-18,UCFFY072qzjDnmC_uA65zhQQ,b5judqdZ4eI,10,0.1
2026-08-18,UCFFY072qzjDnmC_uA65zhQQ,bU-TYOpKgaQ,2,0
2026-08-18,UCFFY072qzjDnmC_uA65zhQQ,cV2OR1RSz8o,86,0.046511627906976744
2026-08-18,UCFFY072qzjDnmC_uA65zhQQ,cuI3UY3v3gI,2,0
2026-08-18,UCFFY072qzjDnmC_uA65zhQQ,dR6SIFXqyLA,4,0
2026-08-18,UCFFY072qzjDnmC_uA65zhQQ,dTVe7fZeZbc,52,0.057692307692307696
2026-08-18,UCFFY072qzjDnmC_uA65zhQQ,e6JpvlA6f_4,10,0
2026-08-18,UCFFY072qzjDnmC_uA65zhQQ,eGedfjRrI5w,2,0
2026-08-18,UCFFY072qzjDnmC_uA65zhQQ,enGt0Pp-btg,174,0.057471264367816091
2026-08-18,UCFFY072qzjDnmC_uA65zhQQ,f3GFgdZYHG4,3,0
2026-08-18,UCFFY072qzjDnmC_uA65zhQQ,fGezis2rjZA,4,0
2026-08-18,UCFFY072qzjDnmC_uA65zhQQ,f_G_acY5Jt4,1,0
2026-08-18,UCFFY072qzjDnmC_uA65zhQQ,h2mcGEc0hcY,52,0.057692307692307696
2026-08-18,UCFFY072qzjDnmC_uA65zhQQ,j2uFT1pKGPE,8,0
2026-08-18,UCFFY072qzjDnmC_uA65zhQQ,jW3y87r-g8k,1,0
2026-08-18,UCFFY072qzjDnmC_uA65zhQQ,kWtTpnW-uW0,6,0
2026-08-18,UCFFY072qzjDnmC_uA65zhQQ,kduz9-W_3Y0,31,0.12903225806451613
2026-08-18,UCFFY072qzjDnmC_uA65zhQQ,l6jdNIJF3CQ,8,0.125
2026-08-18,UCFFY072qzjDnmC_uA65zhQQ,mF_kzkE7IJ4,5,0
2026-08-18,UCFFY072qzjDnmC_uA65zhQQ,mbAcnZ8BqBY,4,0
2026-08-18,UCFFY072qzjDnmC_uA65zhQQ,nOBtQ8KqMLY,13,0
2026-08-18,UCFFY072qzjDnmC_uA65zhQQ,oI_yFGUHZY0,3,0
2026-08-18,UCFFY072qzjDnmC_uA65zhQQ,of-AvGSADq8,11,0.090909090909090912
2026-08-18,UCFFY072qzjDnmC_uA65zhQQ,pHK8uMvoDT4,12,0.083333333333333329
2026-08-18,UCFFY072qzjDnmC_uA65zhQQ,pHU3663gH1I,3,0.33333333333333331
2026-08-18,UCFFY072qzjDnmC_uA65zhQQ,pyv1_pwtQg4,3,0
2026-08-18,UCFFY072qzjDnmC_uA65zhQQ,q1uDScvMQfg,2,0
2026-08-18,UCFFY072qzjDnmC_uA65zhQQ,qTIkvUR_ysc,4,0
2026-08-18,UCFFY072qzjDnmC_uA65zhQQ,qvWP9uPmD-Y,15,0
2026-08-18,UCFFY072qzjDnmC_uA65zhQQ,rSpIRpNrtto,1,0
2026-08-18,UCFFY072qzjDnmC_uA65zhQQ,ss_JrKiSyZw,3,0
2026-08-18,UCFFY072qzjDnmC_uA65zhQQ,taTgfz1dUAc,8,0
2026-08-18,UCFFY072qzjDnmC_uA65zhQQ,uULJgUopqWE,1,0
2026-08-18,UCFFY072qzjDnmC_uA65zhQQ,vD5KR4XrkLk,21,0
2026-08-18,UCFFY072qzjDnmC_uA65zhQQ,vP0QjuBTyf4,18,0.16666666666666666
2026-08-18,UCFFY072qzjDnmC_uA65zhQQ,y5HbBNKzJ0c,1,0
2026-08-18,UCFFY072qzjDnmC_uA65zhQQ,yB05q6bx2eI,12,0.33333333333333331
2026-08-18,UCFFY072qzjDnmC_uA65zhQQ,yF5ucLxQLsU,2,0
2026-08-18,UCFFY072qzjDnmC_uA65zhQQ,yz_uWHlsIF8,2,0
2026-08-19,UCFFY072qzjDnmC_uA65zhQQ,-7RNcKxLsWc,8,0.125
2026-08-19,UCFFY072qzjDnmC_uA65zhQQ,-KMuetmIAs0,4,0
2026-08-19,UCFFY072qzjDnmC_uA65zhQQ,-qTAD9VNJHg,1,0
2026-08-19,UCFFY072qzjDnmC_uA65zhQQ,0ZIO4anzY5I,6,0
2026-08-19,UCFFY072qzjDnmC_uA65zhQQ,1XNo0hTd1Kc,3,0
2026-08-19,UCFFY072qzjDnmC_uA65zhQQ,3s24LgNa3B0,4,0
2026-08-19,UCFFY072qzjDnmC_uA65zhQQ,3ywF6CtsAk8,16,0.125
2026-08-19,UCFFY072qzjDnmC_uA65zhQQ,4h2g5wBWqI4,2,0
2026-08-19,UCFFY072qzjDnmC_uA65zhQQ,4sxqdyUBRsI,6,0
2026-08-19,UCFFY072qzjDnmC_uA65zhQQ,5b0cN1058sg,298,0.046979865771812082
2026-08-19,UCFFY072qzjDnmC_uA65zhQQ,6G6dxxvN7v4,28,0
2026-08-19,UCFFY072qzjDnmC_uA65zhQQ,6LlydS0_23w,7,0
2026-08-19,UCFFY072qzjDnmC_uA65zhQQ,744vAmBXikY,3,0
2026-08-19,UCFFY072qzjDnmC_uA65zhQQ,7JTpRZ6EAj4,53,0.056603773584905662
2026-08-19,UCFFY072qzjDnmC_uA65zhQQ,7bs6ELSOGFg,1,0
2026-08-19,UCFFY072qzjDnmC_uA65zhQQ,7sIU7b-5vCA,5,0
2026-08-19,UCFFY072qzjDnmC_uA65zhQQ,8P-YiIGlBjE,4,0
2026-08-19,UCFFY072qzjDnmC_uA65zhQQ,AJmfMOm5Sls,1,0
2026-08-19,UCFFY072qzjDnmC_uA65zhQQ,BTCe24GOWqk,53,0
2026-08-19,UCFFY072qzjDnmC_uA65zhQQ,BuNbDIm2ieg,2,0
2026-08-19,UCFFY072qzjDnmC_uA65zhQQ,BvnWdTTwSys,10,0.1
2026-08-19,UCFFY072qzjDnmC_uA65zhQQ,CVCUMNF_koE,1,0
2026-08-19,UCFFY072qzjDnmC_uA65zhQQ,D5PP0Ghhk_g,8,0.375
2026-08-19,UCFFY072qzjDnmC_uA65zhQQ,DIhEv0TjUkY,4,0
2026-08-19,UCFFY072qzjDnmC_uA65zhQQ,EPazhvJ7Jd0,2,0
2026-08-19,UCFFY072qzjDnmC_uA65zhQQ,EXv89Z4tXZ0,4,0
2026-08-19,UCFFY072qzjDnmC_uA65zhQQ,FQHJqEfpZz8,4,0
2026-08-19,UCFFY072qzjDnmC_uA65zhQQ,FZazL5XS_fw,1,0
2026-08-19,UCFFY072qzjDnmC_uA65zhQQ,FdWxDjGBIM4,8,0
2026-08-19,UCFFY072qzjDnmC_uA65zhQQ,GNVK5JQjXos,9,0
2026-08-19,UCFFY072qzjDnmC_uA65zhQQ,Gp0dyrxdI_0,1,0
2026-08-19,UCFFY072qzjDnmC_uA65zhQQ,IaCjWJ3vy48,76,0.026315789473684209
2026-08-19,UCFFY072qzjDnmC_uA65zhQQ,IvAkc1fwzUc,4,0
2026-08-19,UCFFY072qzjDnmC_uA65zhQQ,J85xwjbTMgQ,1,0
2026-08-19,UCFFY072qzjDnmC_uA65zhQQ,Klgx3o8dnlA,35,0.028571428571428571
2026-08-19,UCFFY072qzjDnmC_uA65zhQQ,Klivqn7VoxY,5,0
2026-08-19,UCFFY072qzjDnmC_uA65zhQQ,KwYDV3D6qWg,150,0.026666666666666668
2026-08-19,UCFFY072qzjDnmC_uA65zhQQ,LLXlFny9jYc,4,0
2026-08-19,UCFFY072qzjDnmC_uA65zhQQ,M64uEXXFdF8,19,0
2026-08-19,UCFFY072qzjDnmC_uA65zhQQ,MkDw5J3auiQ,1,0
2026-08-19,UCFFY072qzjDnmC_uA65zhQQ,NH01AGqUk98,2,0
2026-08-19,UCFFY072qzjDnmC_uA65zhQQ,NNKboIXrIYk,690,0.037681159420289857
2026-08-19,UCFFY072qzjDnmC_uA65zhQQ,P5J1t9IV9xE,11,0.090909090909090912
2026-08-19,UCFFY072qzjDnmC_uA65zhQQ,PGZEUuam-rA,11,0
2026-08-19,UCFFY072qzjDnmC_uA65zhQQ,Q__n0KC548c,7,0
2026-08-19,UCFFY072qzjDnmC_uA65zhQQ,QhRgPOmgBDU,3,0
2026-08-19,UCFFY072qzjDnmC_uA65zhQQ,RGVNMIv9NeA,3,0
2026-08-19,UCFFY072qzjDnmC_uA65zhQQ,RqNhgaAulhI,2,0
2026-08-19,UCFFY072qzjDnmC_uA65zhQQ,SPCRzy8PD3M,11,0
2026-08-19,UCFFY072qzjDnmC_uA65zhQQ,Soqxdzul340,3,0.33333333333333331
2026-08-19,UCFFY072qzjDnmC_uA65zhQQ,UffIvNL8fLg,11,0.090909090909090912
2026-08-19,UCFFY072qzjDnmC_uA65zhQQ,UsalZgg_xrc,51,0
2026-08-19,UCFFY072qzjDnmC_uA65zhQQ,VYcynJqnsyU,6,0
2026-08-19,UCFFY072qzjDnmC_uA65zhQQ,WmZQp0iNKWU,60,0.016666666666666666
2026-08-19,UCFFY072qzjDnmC_uA65zhQQ,WpAYWow2Yuw,4,0.25
2026-08-19,UCFFY072qzjDnmC_uA65zhQQ,XD8tgLIwHvQ,3,0.33333333333333331
2026-08-19,UCFFY072qzjDnmC_uA65zhQQ,YWrjNeKZBR8,14,0
2026-08-19,UCFFY072qzjDnmC_uA65zhQQ,YpA8wWTqSQc,9,0.33333333333333331
2026-08-19,UCFFY072qzjDnmC_uA65zhQQ,YrMnQa68sQc,1,0
2026-08-19,UCFFY072qzjDnmC_uA65zhQQ,Z4tzAXpPz0s,57,0.035087719298245612
2026-08-19,UCFFY072qzjDnmC_uA65zhQQ,ZOBF9SJEjDU,1,0
2026-08-19,UCFFY072qzjDnmC_uA65zhQQ,ZsiHzy2w60o,10,0
2026-08-19,UCFFY072qzjDnmC_uA65zhQQ,_3EAZlSh5zM,5,0
2026-08-19,UCFFY072qzjDnmC_uA65zhQQ,_mj3H2RN7Eg,4,0
2026-08-19,UCFFY072qzjDnmC_uA65zhQQ,aAso_jiDQhQ,9,0
2026-08-19,UCFFY072qzjDnmC_uA65zhQQ,b5judqdZ4eI,16,0.1875
2026-08-19,UCFFY072qzjDnmC_uA65zhQQ,bU-TYOpKgaQ,2,0
2026-08-19,UCFFY072qzjDnmC_uA65zhQQ,cV2OR1RSz8o,107,0.018691588785046728
2026-08-19,UCFFY072qzjDnmC_uA65zhQQ,dR6SIFXqyLA,5,0
2026-08-19,UCFFY072qzjDnmC_uA65zhQQ,dTVe7fZeZbc,24,0.083333333333333329
2026-08-19,UCFFY072qzjDnmC_uA65zhQQ,dfKhr-pVfZ8,564,0.014184397163120567
2026-08-19,UCFFY072qzjDnmC_uA65zhQQ,e6JpvlA6f_4,4,0
2026-08-19,UCFFY072qzjDnmC_uA65zhQQ,eGedfjRrI5w,2,0
2026-08-19,UCFFY072qzjDnmC_uA65zhQQ,enGt0Pp-btg,45,0.022222222222222223
2026-08-19,UCFFY072qzjDnmC_uA65zhQQ,f3GFgdZYHG4,3,0
2026-08-19,UCFFY072qzjDnmC_uA65zhQQ,fGezis2rjZA,1,0
2026-08-19,UCFFY072qzjDnmC_uA65zhQQ,f_G_acY5Jt4,1,0
2026-08-19,UCFFY072qzjDnmC_uA65zhQQ,h2mcGEc0hcY,45,0.088888888888888892
2026-08-19,UCFFY072qzjDnmC_uA65zhQQ,hudmiFcA57A,1,0
2026-08-19,UCFFY072qzjDnmC_uA65zhQQ,j2uFT1pKGPE,3,0
2026-08-19,UCFFY072qzjDnmC_uA65zhQQ,jW3y87r-g8k,1,0
2026-08-19,UCFFY072qzjDnmC_uA65zhQQ,kWtTpnW-uW0,2,0.5
2026-08-19,UCFFY072qzjDnmC_uA65zhQQ,kduz9-W_3Y0,27,0.1111111111111111
2026-08-19,UCFFY072qzjDnmC_uA65zhQQ,l6jdNIJF3CQ,5,0
2026-08-19,UCFFY072qzjDnmC_uA65zhQQ,mF_kzkE7IJ4,11,0
2026-08-19,UCFFY072qzjDnmC_uA65zhQQ,mbAcnZ8BqBY,4,0
2026-08-19,UCFFY072qzjDnmC_uA65zhQQ,nOBtQ8KqMLY,4,0
2026-08-19,UCFFY072qzjDnmC_uA65zhQQ,oI_yFGUHZY0,8,0.125
2026-08-19,UCFFY072qzjDnmC_uA65zhQQ,of-AvGSADq8,13,0.076923076923076927
2026-08-19,UCFFY072qzjDnmC_uA65zhQQ,pHK8uMvoDT4,7,0
2026-08-19,UCFFY072qzjDnmC_uA65zhQQ,qvWP9uPmD-Y,1,0
2026-08-19,UCFFY072qzjDnmC_uA65zhQQ,rAAA7glPy5o,1,0
2026-08-19,UCFFY072qzjDnmC_uA65zhQQ,taTgfz1dUAc,11,0
2026-08-19,UCFFY072qzjDnmC_uA65zhQQ,uULJgUopqWE,6,0
2026-08-19,UCFFY072qzjDnmC_uA65zhQQ,vD5KR4XrkLk,13,0
2026-08-19,UCFFY072qzjDnmC_uA65zhQQ,vP0QjuBTyf4,6,0.33333333333333331
2026-08-19,UCFFY072qzjDnmC_uA65zhQQ,wezZH8qpWyY,2,0
2026-08-19,UCFFY072qzjDnmC_uA65zhQQ,y5HbBNKzJ0c,1,0
2026-08-19,UCFFY072qzjDnmC_uA65zhQQ,yB05q6bx2eI,10,0.1
2026-08-19,UCFFY072qzjDnmC_uA65zhQQ,yz_uWHlsIF8,2,0
